%Atmospheric Pressure [Pa],Atmospheric Temperature [K],Atmospheric Density [kg/m^3],Airspeed [m/s],Pitot Dynamic Pressure [Pa],Aux Dynamic Pressure [Pa],Scanivalve Pressure 1 [Pa],Scanivalve Pressure 2 [Pa],Scanivalve Pressure 3 [Pa],Scanivalve Pressure 4 [Pa],Scanivalve Pressure 5 [Pa],Scanivalve Pressure 6 [Pa],Scanivalve Pressure 7 [Pa],Scanivalve Pressure 8 [Pa],Scanivalve Pressure 9 [Pa],Scanivalve Pressure 10 [Pa],Scanivalve Pressure 11 [Pa],Scanivalve Pressure 12 [Pa],Scanivalve Pressure 13 [Pa],Scanivalve Pressure 14 [Pa],Scanivalve Pressure 15 [Pa],Scanivalve Pressure 16 [Pa],Angle of Attack [deg],Sting Normal Force [N],Sting Axial Force [N],Sting Pitching Moment [Nm],ELD Probe X axis [mm],ELD Probe Y axis [mm]
72286.027,299.527,0.841,8.939,33.588,-2.666,-53.414,-33.445,-46.723,-57.320,-58.305,-67.383,-65.994,-65.087,-61.628,-61.915,-59.279,-64.798,-62.103,-62.493,-61.675,-62.725,-11.000,-544.798,-289.718,14.557,-369.123,101.402
72269.901,299.527,0.841,8.940,33.588,-3.146,-53.738,-34.337,-46.723,-57.738,-58.090,-66.760,-66.100,-65.301,-61.740,-60.769,-59.068,-65.117,-60.535,-63.538,-61.467,-63.288,-11.000,-544.798,-289.718,14.557,-369.156,101.413
72286.027,299.525,0.841,8.949,33.667,-2.986,-55.036,-34.114,-46.730,-57.216,-58.737,-67.695,-65.887,-66.050,-62.410,-59.935,-59.806,-64.586,-60.953,-63.120,-61.882,-63.400,-11.000,-544.798,-289.718,14.557,-369.140,101.423
72281.995,299.527,0.841,8.918,33.430,-2.986,-53.414,-35.005,-46.730,-57.633,-58.845,-67.072,-65.780,-64.873,-61.963,-59.518,-58.330,-65.435,-60.849,-62.284,-62.400,-63.063,-11.000,-544.798,-289.718,14.557,-369.140,101.391
72277.964,299.527,0.841,8.939,33.588,-2.986,-53.847,-34.448,-47.372,-57.007,-57.874,-67.280,-66.421,-64.445,-62.745,-59.310,-58.435,-64.586,-61.162,-62.493,-61.364,-63.626,-11.000,-544.798,-289.718,14.557,-369.140,101.423
72281.995,299.527,0.841,8.949,33.667,-3.306,-54.171,-33.668,-47.479,-57.111,-58.305,-67.279,-65.566,-65.087,-60.958,-59.414,-57.802,-64.373,-61.790,-63.329,-61.986,-63.626,-11.000,-544.798,-289.718,14.557,-369.140,101.413
72281.995,299.527,0.841,8.918,33.430,-2.826,-53.955,-33.333,-46.516,-56.798,-57.982,-66.553,-66.110,-64.445,-60.623,-59.622,-56.537,-65.329,-61.058,-63.015,-61.986,-63.400,-11.000,-544.798,-289.718,14.557,-369.172,101.423
72277.964,299.525,0.841,8.929,33.509,-2.986,-54.603,-33.556,-46.516,-56.902,-57.874,-66.864,-64.615,-63.812,-60.065,-58.371,-57.169,-66.391,-61.790,-63.538,-62.089,-64.189,-11.000,-544.798,-289.718,14.557,-369.123,101.423
72281.995,299.524,0.841,8.949,33.667,-2.986,-54.495,-34.002,-46.196,-56.485,-58.090,-66.137,-64.936,-64.776,-60.066,-57.850,-57.064,-66.923,-61.371,-63.015,-62.711,-63.963,-11.000,-544.798,-289.718,14.557,-369.140,101.434
72281.995,299.525,0.841,8.949,33.667,-3.146,-54.387,-34.002,-45.982,-55.754,-57.226,-66.241,-64.508,-63.705,-59.731,-57.538,-58.013,-66.923,-62.208,-63.329,-62.400,-64.301,-11.000,-544.798,-289.718,14.557,-369.123,101.402
72286.027,299.525,0.841,8.928,33.509,-3.146,-54.712,-32.887,-46.516,-56.276,-57.118,-67.072,-64.829,-63.705,-59.954,-57.850,-59.376,-66.285,-62.835,-63.956,-62.711,-65.878,-11.000,-544.798,-289.718,14.557,-369.123,101.413
72281.995,299.524,0.841,8.949,33.667,-2.986,-55.252,-32.887,-45.875,-56.276,-57.442,-66.034,-65.042,-63.491,-59.396,-59.727,-58.532,-66.923,-63.149,-64.792,-63.748,-65.315,-11.000,-544.798,-289.718,14.557,-369.123,101.413
72269.901,299.525,0.841,8.908,33.350,-2.986,-56.333,-33.333,-45.661,-57.111,-57.118,-66.137,-65.042,-63.705,-59.842,-59.935,-59.059,-67.667,-63.054,-65.942,-64.059,-65.878,-11.000,-544.798,-289.718,14.557,-369.156,101.402
72281.995,299.525,0.841,8.939,33.588,-2.666,-56.766,-33.333,-46.196,-56.067,-57.442,-66.345,-64.295,-64.669,-60.066,-59.935,-58.954,-67.985,-63.473,-65.419,-63.851,-65.990,-11.000,-544.798,-289.718,14.557,-369.140,101.402
72281.995,299.524,0.841,8.928,33.509,-2.826,-56.117,-34.225,-45.982,-56.485,-57.874,-66.241,-64.402,-63.812,-59.842,-61.186,-59.165,-68.198,-64.204,-65.628,-65.407,-66.553,-11.000,-544.798,-289.718,14.557,-369.140,101.413
72286.027,299.525,0.841,8.939,33.588,-2.986,-56.550,-33.110,-45.982,-56.276,-57.226,-66.760,-64.615,-63.491,-60.400,-62.020,-60.536,-68.304,-63.995,-65.837,-64.474,-66.779,-11.000,-544.798,-289.718,14.557,-369.172,101.423
72277.964,299.525,0.841,8.939,33.588,-2.826,-56.982,-33.222,-47.158,-56.589,-57.442,-66.449,-64.936,-63.277,-59.284,-63.896,-61.169,-68.304,-64.727,-65.315,-64.370,-67.230,-11.000,-544.798,-289.718,14.557,-369.123,101.402
72281.995,299.524,0.841,8.949,33.667,-3.306,-57.307,-32.887,-45.447,-56.380,-56.902,-65.514,-65.149,-63.170,-59.172,-64.209,-61.169,-68.198,-63.577,-66.569,-65.096,-66.216,-11.000,-544.798,-289.718,14.557,-369.107,101.402
72281.995,299.522,0.841,8.949,33.667,-2.826,-58.063,-32.776,-45.875,-56.380,-57.010,-65.618,-64.188,-63.812,-59.842,-63.583,-62.118,-68.410,-63.263,-66.046,-64.992,-66.441,-11.000,-544.798,-289.718,14.557,-369.172,101.402
72281.995,299.524,0.841,8.939,33.588,-2.986,-57.523,-33.222,-45.982,-56.067,-57.658,-65.930,-64.295,-63.384,-60.289,-64.209,-61.063,-68.304,-63.577,-65.210,-65.199,-65.653,-11.000,-544.798,-289.718,14.557,-369.156,101.423
72281.995,299.522,0.841,16.799,118.623,-8.429,-131.805,-84.950,-133.968,-179.269,-186.146,-201.839,-200.330,-197.830,-185.331,-201.486,-195.663,-202.042,-198.333,-200.019,-197.462,-198.985,-11.000,-544.798,-289.718,14.557,-369.156,101.402
72277.964,299.524,0.841,16.811,118.781,-7.789,-132.778,-84.949,-134.396,-179.478,-186.254,-201.320,-201.184,-197.937,-185.666,-200.235,-192.393,-202.680,-199.692,-200.751,-196.944,-197.408,-11.000,-544.798,-289.718,14.557,-369.172,101.402
72281.995,299.524,0.841,16.799,118.623,-7.949,-131.697,-85.395,-134.203,-180.313,-187.657,-201.735,-201.825,-199.329,-186.336,-195.857,-194.186,-203.848,-199.378,-201.064,-196.841,-196.057,-11.000,-544.798,-289.718,14.557,-369.123,101.413
72277.964,299.524,0.841,16.799,118.623,-7.949,-131.805,-86.287,-134.844,-180.730,-187.225,-201.943,-200.971,-199.436,-185.889,-195.023,-198.405,-202.680,-199.797,-202.527,-198.292,-198.084,-11.000,-544.798,-289.718,14.557,-369.123,101.423
72281.995,299.524,0.841,16.804,118.702,-8.109,-131.805,-86.733,-135.058,-179.895,-187.873,-201.839,-201.291,-198.794,-184.549,-199.609,-195.768,-204.167,-200.633,-202.214,-200.261,-200.449,-11.000,-544.798,-289.718,14.557,-369.123,101.402
72273.933,299.525,0.841,16.800,118.623,-8.109,-133.751,-86.622,-135.058,-180.104,-186.577,-201.942,-201.611,-198.258,-186.112,-200.131,-195.135,-204.486,-200.842,-202.318,-200.779,-202.138,-11.000,-544.798,-289.718,14.557,-369.156,101.402
72277.964,299.527,0.841,16.799,118.623,-7.949,-135.049,-85.061,-135.379,-180.313,-187.333,-202.669,-201.611,-198.473,-184.884,-200.443,-195.030,-205.335,-200.947,-203.050,-200.572,-201.913,-11.000,-544.798,-289.718,14.557,-369.156,101.423
72281.995,299.524,0.841,16.793,118.544,-8.109,-134.508,-85.507,-133.775,-179.790,-186.469,-201.112,-201.505,-198.075,-183.768,-202.111,-197.245,-204.486,-200.215,-202.841,-200.676,-201.350,-11.000,-544.798,-289.718,14.557,-369.140,101.413
72273.933,299.525,0.841,16.789,118.465,-7.949,-135.698,-84.949,-134.203,-179.686,-186.577,-200.904,-200.971,-197.111,-182.541,-205.134,-196.929,-203.317,-201.470,-203.781,-200.158,-200.899,-11.000,-544.798,-289.718,14.557,-369.123,101.413
72277.964,299.527,0.841,16.794,118.544,-7.949,-134.616,-84.615,-133.989,-178.433,-186.145,-200.696,-199.796,-197.754,-184.104,-203.988,-193.975,-204.486,-200.529,-201.900,-199.743,-199.210,-11.000,-544.798,-289.718,14.557,-369.107,101.423
72273.933,299.527,0.841,16.805,118.702,-8.109,-133.968,-84.949,-133.882,-178.433,-185.929,-200.800,-200.650,-197.861,-186.560,-199.401,-194.369,-203.105,-198.751,-200.542,-198.188,-198.196,-11.000,-544.798,-289.718,14.557,-369.140,101.423
72273.933,299.527,0.841,16.794,118.544,-7.949,-133.427,-84.058,-133.882,-178.642,-185.174,-201.527,-200.971,-197.218,-184.551,-199.714,-194.791,-201.088,-198.751,-200.124,-198.084,-200.111,-11.000,-544.798,-289.718,14.557,-369.123,101.413
72273.933,299.529,0.841,16.794,118.544,-8.269,-133.319,-83.723,-133.347,-177.911,-184.850,-199.450,-200.330,-196.576,-183.211,-201.695,-193.420,-200.556,-198.260,-200.751,-197.981,-199.097,-11.000,-544.798,-289.718,14.557,-369.123,101.413
72273.933,299.529,0.841,16.794,118.544,-7.949,-134.724,-83.612,-131.850,-178.224,-184.742,-199.658,-199.689,-197.111,-183.546,-198.151,-191.838,-201.300,-199.306,-201.379,-197.462,-197.859,-11.000,-544.798,-289.718,14.557,-369.140,101.402
72277.964,299.529,0.841,16.805,118.702,-8.109,-133.751,-83.054,-132.492,-177.702,-184.634,-199.347,-199.155,-197.968,-184.551,-195.232,-191.311,-202.256,-199.097,-200.021,-197.049,-196.395,-11.000,-544.798,-289.718,14.557,-369.172,101.413
72273.933,299.527,0.841,16.789,118.465,-7.789,-132.238,-83.946,-132.064,-177.598,-185.174,-199.762,-200.010,-197.325,-184.662,-194.607,-191.943,-203.637,-199.829,-199.289,-196.324,-195.270,-11.000,-544.798,-289.718,14.557,-369.172,101.423
72273.933,299.527,0.841,16.800,118.623,-7.789,-132.021,-83.389,-132.599,-178.016,-184.634,-200.800,-200.116,-197.111,-185.109,-196.274,-192.787,-203.000,-199.306,-198.871,-195.909,-195.495,-11.000,-544.798,-289.718,14.557,-369.140,101.402
72277.964,299.527,0.841,16.799,118.623,-8.109,-131.805,-83.277,-133.347,-178.329,-184.850,-200.073,-200.330,-198.075,-184.551,-198.359,-193.314,-201.619,-198.156,-198.767,-195.184,-195.270,-11.000,-544.798,-289.718,14.557,-369.156,101.413
72269.901,299.524,0.841,16.795,118.544,-7.949,-131.589,-84.058,-132.599,-178.433,-185.174,-200.177,-200.971,-197.754,-186.114,-196.796,-191.311,-201.088,-198.992,-199.498,-195.806,-194.707,-11.000,-544.798,-289.718,14.557,-369.156,101.413
72265.870,299.529,0.840,16.795,118.544,-8.109,-131.589,-84.615,-133.989,-178.955,-185.605,-201.319,-200.757,-199.038,-187.230,-193.564,-190.783,-202.468,-199.306,-199.394,-196.013,-195.045,-11.000,-544.798,-289.718,14.557,-369.156,101.413
72286.027,299.521,0.841,34.077,488.167,-26.519,-502.134,-288.293,-494.602,-692.012,-723.703,-763.850,-765.435,-750.649,-683.936,-772.781,-835.940,-852.548,-851.882,-838.531,-818.360,-811.311,-11.000,-544.798,-289.718,14.557,-369.140,101.402
72281.995,299.525,0.841,34.078,488.167,-26.359,-508.081,-285.171,-491.502,-688.676,-721.330,-761.361,-762.343,-746.694,-677.349,-764.454,-835.308,-875.990,-873.915,-844.896,-818.981,-811.648,-11.000,-544.798,-289.718,14.557,-369.107,101.402
72286.027,299.524,0.841,34.077,488.167,-26.519,-510.784,-283.276,-489.759,-686.588,-718.418,-759.702,-761.170,-744.236,-677.238,-749.778,-850.372,-877.051,-876.421,-846.984,-821.776,-821.657,-11.000,-544.798,-289.718,14.557,-369.172,101.402
72281.995,299.522,0.841,34.076,488.088,-26.679,-519.542,-280.824,-488.583,-684.917,-717.016,-758.666,-759.250,-743.595,-675.786,-746.967,-818.453,-878.536,-874.541,-854.393,-836.161,-842.349,-11.000,-544.798,-289.718,14.557,-369.156,101.402
72286.027,299.524,0.841,34.077,488.167,-26.359,-531.868,-277.591,-486.230,-683.143,-715.941,-756.696,-758.611,-742.098,-671.544,-745.510,-825.827,-884.582,-875.168,-860.341,-848.063,-856.856,-11.000,-544.798,-289.718,14.557,-369.156,101.423
72286.027,299.524,0.841,34.077,488.167,-26.519,-545.600,-276.922,-484.626,-682.829,-714.754,-755.763,-756.798,-740.816,-672.549,-760.603,-832.464,-879.596,-878.822,-865.768,-851.685,-858.318,-11.000,-544.798,-289.718,14.557,-369.156,101.423
72290.058,299.525,0.841,34.074,488.088,-26.359,-548.736,-276.253,-483.878,-681.681,-714.862,-755.452,-756.479,-741.564,-673.777,-775.487,-843.104,-878.323,-874.646,-861.802,-847.442,-849.771,-11.000,-544.798,-289.718,14.557,-369.140,101.402
72294.089,299.524,0.841,34.078,488.246,-26.679,-543.978,-278.594,-485.375,-682.829,-716.588,-757.421,-758.185,-743.489,-679.917,-787.666,-835.203,-875.459,-867.754,-857.628,-843.095,-839.987,-11.000,-544.798,-289.718,14.557,-369.140,101.423
72286.027,299.524,0.841,34.080,488.246,-26.679,-538.788,-280.266,-487.407,-685.335,-717.343,-760.532,-760.531,-747.016,-687.295,-784.335,-823.088,-871.535,-866.605,-853.767,-837.196,-835.826,-11.000,-544.798,-289.718,14.557,-369.140,101.413
72281.995,299.522,0.841,34.078,488.167,-26.199,-531.652,-281.827,-489.973,-687.841,-720.794,-762.502,-763.837,-751.184,-691.646,-774.973,-830.568,-866.974,-863.891,-855.645,-843.095,-839.763,-11.000,-544.798,-289.718,14.557,-369.140,101.402
72290.058,299.522,0.841,34.082,488.325,-26.519,-533.815,-285.617,-491.791,-690.970,-723.059,-764.368,-766.183,-751.826,-690.977,-776.118,-836.581,-876.414,-869.947,-858.567,-846.200,-847.297,-11.000,-544.798,-289.718,14.557,-369.140,101.423
72298.121,299.522,0.841,34.072,488.088,-26.519,-542.681,-285.617,-492.005,-690.866,-722.304,-763.953,-765.543,-752.360,-691.646,-781.634,-833.315,-875.148,-873.393,-864.933,-853.755,-857.531,-11.000,-544.798,-289.718,14.557,-369.140,101.402
72286.027,299.525,0.841,34.077,488.167,-26.359,-545.384,-285.060,-492.112,-690.449,-723.706,-763.850,-766.396,-752.788,-691.869,-780.697,-847.115,-874.724,-873.580,-865.141,-856.032,-855.844,-11.000,-544.798,-289.718,14.557,-369.140,101.413
72281.995,299.522,0.841,34.078,488.167,-26.519,-547.763,-285.060,-492.433,-690.136,-722.627,-764.679,-765.650,-750.864,-688.523,-782.883,-846.694,-872.178,-870.762,-863.687,-854.376,-855.507,-11.000,-544.798,-289.718,14.557,-369.140,101.402
72281.995,299.522,0.841,34.078,488.167,-26.519,-544.843,-282.942,-491.684,-689.615,-722.411,-764.886,-765.436,-751.933,-690.308,-785.381,-837.845,-871.330,-862.827,-857.217,-848.901,-849.209,-11.000,-544.798,-289.718,14.557,-369.140,101.402
72290.058,299.522,0.841,34.076,488.167,-26.679,-539.545,-282.830,-491.042,-689.824,-722.627,-763.850,-766.823,-751.612,-691.646,-783.404,-820.884,-861.677,-861.365,-858.678,-851.488,-853.576,-11.000,-544.798,-289.718,14.557,-369.123,101.391
72281.995,299.524,0.841,34.076,488.088,-26.519,-541.600,-283.388,-490.722,-690.136,-722.519,-763.539,-765.756,-751.719,-689.082,-743.642,-834.052,-866.980,-859.904,-854.713,-841.139,-837.160,-11.000,-544.798,-289.718,14.557,-369.123,101.413
72286.027,299.521,0.841,34.072,488.009,-26.199,-530.138,-281.938,-489.331,-687.736,-721.009,-760.947,-762.664,-747.871,-677.359,-766.541,-840.057,-867.087,-855.519,-848.765,-839.793,-832.887,-11.000,-544.798,-289.718,14.557,-369.123,101.423
72281.995,299.524,0.841,34.078,488.167,-26.679,-527.219,-281.492,-488.583,-686.692,-719.284,-760.325,-761.598,-745.840,-679.927,-764.356,-849.749,-865.602,-852.595,-846.469,-838.137,-827.828,-11.000,-544.798,-289.718,14.557,-369.123,101.423
72281.995,299.522,0.841,34.078,488.167,-26.199,-523.975,-279.932,-488.583,-686.588,-717.990,-760.117,-760.745,-745.734,-679.815,-771.330,-834.052,-866.026,-853.639,-845.843,-832.238,-823.555,-11.000,-544.798,-289.718,14.557,-369.140,101.402
72277.964,299.545,0.841,9.096,34.773,-2.986,-41.845,-46.934,-58.591,-63.794,-60.573,-65.515,-59.693,-57.808,-58.055,-49.095,-45.989,-56.087,-54.576,-60.194,-66.028,-74.436,-3.000,-544.798,-289.718,14.557,-369.172,101.402
72277.964,299.542,0.841,9.096,34.773,-2.666,-42.601,-46.600,-59.447,-64.420,-60.681,-64.995,-59.693,-58.022,-57.609,-50.658,-45.989,-55.875,-55.412,-60.194,-66.339,-74.324,-3.000,-544.798,-289.718,14.557,-369.156,101.423
72277.964,299.543,0.841,9.085,34.694,-2.666,-42.385,-46.265,-58.493,-64.629,-61.653,-65.099,-60.441,-58.343,-58.167,-49.511,-46.305,-56.087,-54.471,-60.821,-66.339,-73.986,-3.000,-544.798,-289.718,14.557,-369.140,101.413
72286.027,299.543,0.841,9.085,34.694,-2.826,-43.034,-48.049,-58.386,-64.837,-61.329,-65.411,-59.586,-58.450,-58.167,-49.616,-46.938,-55.981,-54.889,-60.507,-66.339,-73.761,-3.000,-544.798,-289.718,14.557,-369.140,101.423
72281.995,299.542,0.841,9.085,34.694,-2.666,-42.169,-48.383,-58.600,-64.211,-61.869,-66.034,-60.441,-58.343,-58.725,-49.824,-45.989,-56.512,-55.203,-60.403,-67.479,-74.211,-3.000,-544.798,-289.718,14.557,-369.123,101.423
72277.964,299.543,0.841,9.054,34.457,-3.146,-41.953,-47.268,-59.242,-65.046,-61.113,-65.618,-60.120,-58.022,-59.060,-49.095,-46.516,-55.875,-54.576,-60.612,-65.406,-74.324,-3.000,-544.798,-289.718,14.557,-369.140,101.413
72286.027,299.546,0.841,9.075,34.615,-2.826,-42.277,-46.377,-59.776,-64.106,-61.113,-65.514,-60.120,-57.808,-57.386,-50.554,-45.989,-55.769,-54.889,-59.985,-66.235,-74.436,-3.000,-544.798,-289.718,14.557,-369.140,101.423
72286.027,299.542,0.841,9.075,34.615,-2.986,-42.061,-47.491,-58.386,-64.733,-61.545,-64.891,-60.547,-57.816,-58.167,-49.928,-46.411,-55.981,-53.635,-59.776,-65.821,-72.972,-3.000,-544.798,-289.718,14.557,-369.156,101.391
72277.964,299.540,0.841,9.075,34.615,-2.826,-42.277,-46.823,-57.958,-64.629,-61.005,-64.891,-59.586,-57.602,-58.168,-48.678,-47.043,-56.087,-54.471,-59.567,-65.924,-73.535,-3.000,-544.798,-289.718,14.557,-369.172,101.402
72286.027,299.542,0.841,9.054,34.457,-3.146,-41.628,-47.045,-58.707,-64.106,-61.761,-65.099,-59.052,-58.245,-57.386,-49.303,-45.989,-56.300,-54.262,-59.253,-66.132,-73.310,-3.000,-544.798,-289.718,14.557,-369.140,101.402
72277.964,299.540,0.841,9.085,34.694,-3.146,-41.520,-48.160,-58.707,-64.315,-60.249,-64.788,-59.800,-57.816,-58.391,-48.573,-45.877,-56.406,-54.366,-59.462,-65.821,-73.423,-3.000,-544.798,-289.718,14.557,-369.140,101.413
72286.027,299.540,0.841,9.075,34.615,-2.986,-41.088,-46.265,-59.028,-63.689,-60.141,-65.826,-59.800,-57.709,-56.716,-49.199,-46.087,-55.557,-54.576,-59.253,-65.614,-73.873,-3.000,-544.798,-289.718,14.557,-369.140,101.423
72281.995,299.542,0.841,9.054,34.457,-2.986,-41.520,-46.265,-58.279,-64.211,-60.357,-64.476,-60.334,-58.031,-56.828,-49.616,-46.509,-55.982,-54.061,-59.880,-65.924,-72.972,-3.000,-544.798,-289.718,14.557,-369.156,101.402
72281.995,299.542,0.841,9.064,34.536,-2.826,-41.953,-46.934,-58.172,-65.151,-60.681,-64.995,-59.266,-57.495,-57.944,-48.886,-46.826,-55.875,-54.061,-60.403,-65.614,-73.535,-3.000,-544.798,-289.718,14.557,-369.156,101.423
72281.995,299.542,0.841,9.054,34.457,-3.146,-41.628,-46.600,-57.745,-63.898,-61.437,-65.099,-59.800,-58.673,-57.163,-49.616,-46.404,-55.982,-54.689,-59.567,-65.925,-73.986,-3.000,-544.798,-289.718,14.557,-369.140,101.413
72286.027,299.540,0.841,9.043,34.378,-2.986,-41.304,-47.491,-58.600,-63.898,-60.789,-65.099,-60.014,-57.816,-58.056,-49.095,-46.298,-56.513,-54.584,-60.403,-65.925,-74.099,-3.000,-544.798,-289.718,14.557,-369.156,101.402
72281.995,299.542,0.841,9.054,34.457,-2.986,-41.953,-46.265,-59.028,-64.106,-60.681,-65.826,-59.907,-58.031,-57.609,-49.824,-46.193,-55.982,-54.793,-59.881,-65.821,-74.887,-3.000,-544.798,-289.718,14.557,-369.156,101.423
72281.995,299.542,0.841,9.054,34.457,-3.146,-42.169,-46.377,-58.707,-64.629,-61.005,-65.307,-60.120,-58.459,-57.833,-50.450,-46.298,-55.982,-55.107,-60.194,-66.443,-73.986,-3.000,-544.798,-289.718,14.557,-369.140,101.413
72281.995,299.542,0.841,9.064,34.536,-2.986,-43.034,-47.268,-58.172,-65.046,-60.789,-65.307,-60.120,-58.031,-58.391,-48.678,-46.826,-56.300,-54.375,-61.344,-66.340,-73.648,-3.000,-544.798,-289.718,14.557,-369.140,101.413
72281.995,299.543,0.841,9.065,34.536,-3.146,-42.602,-46.711,-58.172,-64.315,-61.113,-65.307,-59.907,-58.780,-57.944,-49.929,-46.720,-56.513,-54.584,-60.299,-66.754,-74.437,-3.000,-544.798,-289.718,14.557,-369.107,101.402
72273.933,299.554,0.841,16.934,120.520,-8.109,-78.391,-144.147,-187.749,-215.082,-204.286,-201.943,-186.982,-183.165,-184.326,-144.365,-144.928,-160.402,-164.041,-178.179,-199.536,-221.958,-3.000,-544.798,-289.718,14.557,-369.189,101.413
72273.933,299.554,0.841,16.923,120.362,-8.109,-78.391,-143.812,-186.680,-214.977,-204.286,-201.009,-187.302,-182.843,-184.773,-144.887,-144.717,-160.083,-164.563,-178.283,-199.536,-221.282,-3.000,-544.798,-289.718,14.557,-369.172,101.402
72269.901,299.558,0.840,16.929,120.441,-8.269,-78.175,-143.812,-186.066,-216.021,-204.394,-200.905,-186.662,-182.308,-184.103,-144.574,-144.822,-160.508,-163.936,-178.701,-199.536,-221.508,-3.000,-544.798,-289.718,14.557,-369.140,101.402
72269.901,299.554,0.840,16.924,120.362,-7.789,-78.824,-143.923,-186.173,-215.080,-204.178,-200.490,-186.235,-182.951,-184.103,-144.782,-145.139,-160.296,-164.354,-178.179,-200.054,-221.395,-3.000,-544.798,-289.718,14.557,-369.140,101.413
72269.901,299.554,0.840,16.924,120.362,-8.109,-77.526,-143.923,-186.280,-214.767,-204.069,-200.697,-185.914,-182.415,-182.652,-144.470,-144.295,-160.296,-163.936,-177.761,-200.054,-221.620,-3.000,-544.798,-289.718,14.557,-369.156,101.423
72269.901,299.554,0.840,16.924,120.362,-8.109,-77.851,-143.366,-186.173,-214.767,-203.313,-200.800,-185.274,-181.666,-182.317,-145.095,-144.401,-160.083,-163.936,-178.074,-199.640,-222.183,-3.000,-544.798,-289.718,14.557,-369.156,101.413
72269.901,299.556,0.840,16.918,120.283,-8.269,-78.499,-142.920,-186.921,-214.245,-203.097,-200.177,-185.700,-181.452,-180.865,-145.616,-144.401,-159.658,-165.086,-178.179,-200.158,-221.958,-3.000,-544.798,-289.718,14.557,-369.123,101.402
72277.964,299.556,0.841,16.917,120.283,-8.269,-79.148,-143.255,-185.852,-214.036,-203.637,-199.139,-185.914,-181.344,-181.312,-145.512,-144.822,-160.083,-163.518,-178.074,-200.158,-221.958,-3.000,-544.798,-289.718,14.557,-369.156,101.402
72273.933,299.551,0.841,16.912,120.204,-8.269,-79.797,-143.143,-185.852,-214.245,-202.989,-199.658,-184.846,-181.451,-181.536,-144.991,-145.350,-160.296,-163.622,-178.806,-199.847,-221.958,-3.000,-544.798,-289.718,14.557,-369.156,101.423
72269.901,299.554,0.840,16.907,120.125,-8.109,-78.607,-142.697,-184.889,-213.827,-202.773,-199.035,-184.312,-181.237,-181.313,-144.574,-144.612,-159.765,-164.041,-177.656,-200.365,-221.845,-3.000,-544.798,-289.718,14.557,-369.123,101.413
72277.964,299.556,0.841,16.917,120.283,-8.269,-78.716,-143.032,-184.783,-213.305,-201.910,-198.620,-184.205,-180.702,-182.541,-144.053,-144.063,-160.827,-163.518,-178.074,-199.536,-221.395,-3.000,-544.798,-289.718,14.557,-369.140,101.413
72277.964,299.554,0.841,16.917,120.283,-8.109,-78.824,-141.471,-185.210,-213.514,-201.262,-198.931,-184.419,-180.488,-180.866,-144.053,-144.274,-158.916,-164.354,-178.074,-199.121,-221.958,-3.000,-544.798,-289.718,14.557,-369.156,101.413
72277.964,299.556,0.841,16.912,120.204,-7.949,-78.391,-141.136,-184.783,-213.201,-201.586,-197.997,-183.885,-180.167,-180.532,-144.887,-144.696,-159.978,-164.066,-178.074,-199.225,-221.733,-3.000,-544.798,-289.718,14.557,-369.172,101.413
72281.995,299.556,0.841,16.900,120.046,-7.789,-78.607,-141.582,-183.927,-213.723,-201.370,-197.893,-184.419,-180.809,-181.648,-143.427,-144.590,-160.509,-163.439,-178.702,-199.536,-221.845,-3.000,-544.798,-289.718,14.557,-369.156,101.423
72277.964,299.556,0.841,16.901,120.046,-7.628,-79.472,-141.805,-184.676,-212.575,-201.694,-198.620,-183.885,-181.666,-184.997,-143.115,-144.696,-159.766,-163.544,-177.866,-199.537,-221.170,-3.000,-544.798,-289.718,14.557,-369.140,101.402
72277.964,299.556,0.841,16.901,120.046,-8.269,-78.391,-142.363,-184.462,-212.679,-201.802,-199.035,-184.099,-181.023,-185.556,-143.427,-143.430,-159.872,-163.335,-177.239,-199.434,-221.396,-3.000,-544.798,-289.718,14.557,-369.156,101.423
72281.995,299.554,0.841,16.906,120.125,-7.949,-78.715,-141.471,-184.889,-212.783,-201.478,-199.035,-184.312,-180.916,-183.881,-143.323,-143.852,-159.872,-163.230,-177.239,-198.915,-221.396,-3.000,-544.798,-289.718,14.557,-369.172,101.413
72269.901,299.554,0.840,16.907,120.125,-7.949,-78.932,-141.248,-184.889,-212.679,-201.910,-198.516,-184.526,-180.488,-181.983,-144.157,-143.852,-159.872,-163.753,-177.030,-199.226,-221.621,-3.000,-544.798,-289.718,14.557,-369.140,101.423
72273.933,299.556,0.841,16.901,120.046,-7.789,-78.607,-141.360,-183.713,-212.366,-201.910,-198.308,-184.846,-179.739,-180.755,-144.261,-143.641,-159.553,-163.230,-178.284,-199.330,-221.508,-3.000,-544.798,-289.718,14.557,-369.156,101.423
72273.933,299.556,0.841,16.896,119.967,-8.109,-79.256,-141.917,-184.355,-213.305,-201.154,-198.204,-183.565,-180.381,-180.866,-144.470,-144.485,-159.553,-163.439,-177.866,-199.123,-221.508,-3.000,-544.798,-289.718,14.557,-369.156,101.402
72273.933,299.566,0.840,34.146,489.985,-27.480,-197.438,-599.220,-780.706,-914.268,-875.556,-863.386,-818.433,-778.867,-639.393,-518.777,-537.415,-582.333,-619.674,-669.868,-755.853,-831.668,-3.000,-544.798,-289.718,14.557,-369.123,101.423
72277.964,299.566,0.841,34.145,489.985,-27.480,-198.519,-599.441,-780.172,-915.623,-875.772,-863.697,-818.753,-779.188,-640.956,-518.152,-537.837,-582.652,-619.361,-671.017,-756.163,-832.118,-3.000,-544.798,-289.718,14.557,-369.156,101.402
72273.933,299.564,0.840,34.149,490.064,-27.480,-198.951,-600.444,-781.024,-915.727,-876.743,-864.319,-818.540,-780.684,-637.941,-519.507,-539.313,-583.927,-621.138,-671.017,-757.819,-834.817,-3.000,-544.798,-289.718,14.557,-369.140,101.423
72273.933,299.564,0.840,34.149,490.064,-27.800,-200.357,-602.339,-782.092,-916.071,-877.713,-865.045,-819.713,-780.898,-639.281,-520.341,-538.892,-584.670,-621.452,-671.853,-757.923,-834.255,-3.000,-544.798,-289.718,14.557,-369.140,101.402
72273.933,299.562,0.840,34.146,489.985,-27.640,-200.465,-601.002,-782.198,-916.384,-877.176,-865.356,-819.713,-780.471,-640.063,-519.715,-538.997,-583.183,-621.033,-671.226,-756.991,-834.142,-3.000,-544.798,-289.718,14.557,-369.140,101.402
72281.995,299.566,0.841,34.147,490.064,-27.960,-199.384,-600.667,-781.985,-916.384,-876.421,-864.732,-819.606,-780.578,-639.504,-520.654,-538.892,-583.608,-621.138,-670.913,-757.819,-833.917,-3.000,-544.798,-289.718,14.557,-369.156,101.402
72277.964,299.566,0.841,34.151,490.143,-27.640,-199.925,-601.002,-781.558,-917.113,-877.176,-865.043,-820.779,-781.326,-637.160,-520.445,-539.208,-583.502,-620.720,-671.749,-757.509,-833.243,-3.000,-544.798,-289.718,14.557,-369.140,101.423
72277.964,299.567,0.841,34.153,490.222,-27.480,-200.249,-601.002,-781.985,-916.696,-876.852,-864.732,-819.180,-780.790,-641.067,-518.881,-538.997,-583.290,-619.988,-671.435,-756.163,-831.781,-3.000,-544.798,-289.718,14.557,-369.156,101.413
72277.964,299.566,0.841,34.153,490.222,-27.800,-197.870,-601.113,-781.451,-915.967,-877.176,-864.629,-819.393,-781.004,-639.174,-518.673,-538.470,-583.396,-620.197,-670.181,-756.474,-832.006,-3.000,-544.798,-289.718,14.557,-369.156,101.413
72277.964,299.566,0.841,34.153,490.222,-27.640,-198.195,-601.336,-781.451,-916.071,-876.852,-864.732,-819.286,-780.042,-640.291,-518.779,-538.048,-583.290,-620.302,-670.077,-755.956,-831.893,-3.000,-544.798,-289.718,14.557,-369.123,101.402
72277.964,299.564,0.841,34.156,490.301,-27.640,-197.438,-600.667,-782.732,-915.446,-875.666,-864.732,-818.113,-779.507,-638.951,-517.945,-537.548,-581.696,-619.674,-669.763,-755.232,-830.431,-3.000,-544.798,-289.718,14.557,-369.140,101.413
72273.933,299.567,0.840,34.157,490.301,-27.800,-196.248,-599.441,-780.917,-915.342,-875.450,-863.073,-818.327,-779.294,-637.835,-518.154,-536.915,-581.168,-619.151,-668.927,-754.714,-829.869,-3.000,-544.798,-289.718,14.557,-369.156,101.423
72277.964,299.566,0.841,34.153,490.222,-27.960,-196.573,-600.110,-780.490,-915.759,-875.450,-862.762,-818.327,-778.652,-638.058,-517.007,-537.231,-582.018,-618.518,-669.450,-754.714,-829.981,-3.000,-544.798,-289.718,14.557,-369.140,101.423
72277.964,299.566,0.841,34.156,490.301,-27.960,-196.032,-599.998,-779.636,-914.404,-875.234,-863.177,-817.900,-779.614,-635.713,-517.007,-537.126,-581.275,-618.309,-668.512,-754.404,-829.532,-3.000,-544.798,-289.718,14.557,-369.123,101.423
72281.995,299.564,0.841,34.158,490.380,-27.480,-195.816,-600.444,-780.383,-914.821,-875.881,-863.384,-818.327,-778.866,-638.170,-517.633,-537.020,-581.806,-618.727,-669.243,-755.341,-831.331,-3.000,-544.798,-289.718,14.557,-369.172,101.434
72286.027,299.564,0.841,34.151,490.222,-27.640,-197.221,-600.110,-781.344,-915.446,-875.666,-864.732,-818.540,-779.614,-642.635,-518.467,-538.075,-582.125,-619.250,-669.975,-755.030,-832.887,-3.000,-544.798,-289.718,14.557,-369.156,101.423
72281.995,299.567,0.841,34.158,490.380,-27.480,-198.519,-601.113,-782.412,-915.967,-876.636,-864.110,-819.286,-780.149,-639.174,-518.779,-537.970,-581.912,-620.191,-669.557,-755.755,-831.988,-3.000,-544.798,-289.718,14.557,-369.156,101.413
72286.027,299.566,0.841,34.149,490.143,-27.640,-198.303,-600.890,-781.131,-916.696,-876.205,-864.629,-819.286,-780.469,-641.966,-519.092,-538.708,-582.337,-620.087,-671.229,-756.169,-832.325,-3.000,-544.798,-289.718,14.557,-369.172,101.402
72286.027,299.567,0.841,34.152,490.222,-27.960,-198.735,-601.447,-782.092,-916.280,-877.176,-864.421,-819.180,-781.217,-642.189,-518.362,-539.762,-582.125,-620.191,-670.602,-756.169,-832.663,-3.000,-544.798,-289.718,14.557,-369.156,101.413
72286.027,299.566,0.841,34.151,490.222,-27.640,-197.654,-603.008,-782.092,-916.384,-877.607,-864.732,-819.713,-781.217,-643.417,-518.988,-538.497,-582.337,-620.296,-669.870,-756.686,-831.651,-3.000,-544.798,-289.718,14.557,-369.156,101.413
72277.964,299.603,0.840,9.117,34.931,-3.306,-23.896,-75.251,-75.270,-65.151,-61.437,-67.487,-65.790,-66.168,-66.540,-52.534,-45.250,-50.571,-46.428,-48.280,-47.577,-47.297,5.000,-544.798,-289.718,14.557,-369.156,101.402
72281.995,299.603,0.840,9.138,35.089,-3.146,-23.896,-75.474,-75.270,-64.837,-60.681,-68.110,-65.790,-65.954,-67.545,-52.743,-44.934,-51.315,-45.800,-48.907,-48.096,-47.747,5.000,-544.798,-289.718,14.557,-369.156,101.423
72286.027,299.601,0.841,9.158,35.247,-3.626,-23.788,-74.470,-76.126,-65.046,-61.437,-67.902,-65.790,-65.846,-66.652,-52.430,-45.461,-50.359,-46.532,-48.803,-47.681,-48.085,5.000,-544.798,-289.718,14.557,-369.156,101.413
72286.027,299.604,0.841,9.127,35.010,-3.466,-23.896,-75.139,-75.270,-65.673,-61.545,-67.591,-66.751,-66.168,-67.210,-52.847,-45.778,-51.103,-46.218,-49.116,-48.407,-47.184,5.000,-544.798,-289.718,14.557,-369.156,101.391
72277.964,299.604,0.840,9.128,35.010,-3.306,-24.220,-75.251,-75.270,-65.777,-60.789,-68.006,-66.217,-66.489,-68.103,-52.534,-45.883,-51.528,-46.950,-49.743,-48.096,-48.085,5.000,-544.798,-289.718,14.557,-369.123,101.402
72277.964,299.603,0.840,9.128,35.010,-3.146,-24.004,-75.474,-75.805,-65.151,-62.300,-68.307,-66.538,-66.917,-67.657,-52.951,-45.778,-51.528,-46.950,-49.221,-49.029,-48.423,5.000,-544.798,-289.718,14.557,-369.156,101.423
72281.995,299.603,0.840,9.127,35.010,-3.306,-24.436,-76.923,-76.232,-66.299,-61.977,-67.996,-66.314,-66.382,-68.438,-53.264,-45.567,-51.634,-46.637,-49.116,-49.132,-48.648,5.000,-544.798,-289.718,14.557,-369.156,101.402
72281.995,299.604,0.840,9.148,35.168,-3.306,-24.544,-75.585,-76.232,-66.195,-62.085,-69.657,-66.741,-66.800,-67.322,-53.993,-46.305,-51.846,-47.369,-49.639,-48.821,-49.549,5.000,-544.798,-289.718,14.557,-369.140,101.413
72277.964,299.603,0.840,9.138,35.089,-3.146,-25.193,-75.808,-76.874,-66.090,-62.408,-68.411,-67.061,-67.656,-67.323,-54.827,-46.200,-51.740,-47.369,-50.057,-48.407,-48.648,5.000,-544.798,-289.718,14.557,-369.156,101.402
72277.964,299.601,0.840,9.117,34.931,-3.146,-24.977,-75.585,-76.232,-66.926,-62.732,-68.826,-67.275,-67.442,-67.881,-53.264,-46.200,-51.740,-46.741,-50.475,-48.303,-49.099,5.000,-544.798,-289.718,14.557,-369.140,101.391
72277.964,299.604,0.840,9.128,35.010,-3.306,-24.977,-75.808,-76.446,-66.404,-62.193,-69.034,-67.061,-67.870,-68.997,-52.951,-46.509,-51.634,-46.950,-49.534,-48.407,-48.873,5.000,-544.798,-289.718,14.557,-369.172,101.402
72269.901,299.604,0.840,9.139,35.089,-3.146,-24.112,-76.365,-76.446,-66.404,-62.408,-68.100,-66.848,-67.014,-68.216,-53.056,-45.560,-51.839,-46.846,-49.325,-48.821,-47.972,5.000,-544.798,-289.718,14.557,-369.140,101.402
72277.964,299.604,0.840,9.148,35.168,-3.466,-24.220,-75.474,-76.660,-66.090,-61.113,-68.826,-66.314,-66.907,-68.662,-53.056,-45.455,-51.308,-46.846,-49.116,-47.888,-48.310,5.000,-544.798,-289.718,14.557,-369.156,101.402
72281.995,299.604,0.840,9.138,35.089,-3.306,-23.896,-75.139,-76.126,-65.777,-61.329,-68.619,-65.887,-66.158,-66.876,-53.473,-45.244,-50.883,-47.160,-49.221,-48.096,-47.972,5.000,-544.798,-289.718,14.557,-369.156,101.402
72277.964,299.606,0.840,9.138,35.089,-3.146,-23.679,-75.028,-74.629,-65.568,-61.329,-67.269,-66.634,-65.943,-66.876,-52.326,-45.244,-50.352,-46.010,-49.535,-47.993,-47.072,5.000,-544.798,-289.718,14.557,-369.156,101.413
72273.933,299.604,0.840,9.149,35.168,-3.306,-23.788,-74.359,-75.163,-65.255,-60.789,-66.854,-65.460,-65.194,-67.099,-52.118,-45.877,-50.670,-45.696,-48.699,-47.578,-46.847,5.000,-544.798,-289.718,14.557,-369.156,101.413
72281.995,299.606,0.840,9.138,35.089,-3.146,-22.923,-74.805,-74.736,-64.420,-61.221,-67.684,-65.566,-66.158,-66.541,-52.118,-45.033,-50.989,-46.846,-48.385,-48.200,-47.635,5.000,-544.798,-289.718,14.557,-369.189,101.413
72273.933,299.604,0.840,9.149,35.168,-2.986,-23.139,-75.250,-75.056,-65.046,-60.249,-67.269,-65.887,-65.622,-66.988,-52.535,-45.138,-51.520,-46.010,-48.699,-47.889,-47.973,5.000,-544.798,-289.718,14.557,-369.189,101.402
72273.933,299.606,0.840,9.128,35.010,-3.146,-23.031,-74.136,-75.591,-65.359,-60.789,-67.996,-65.460,-65.836,-66.318,-52.535,-44.927,-50.776,-46.637,-49.012,-48.407,-48.423,5.000,-544.798,-289.718,14.557,-369.172,101.423
72277.964,299.606,0.840,9.128,35.010,-3.146,-24.220,-74.359,-75.591,-65.255,-61.545,-67.477,-67.061,-66.158,-66.318,-53.056,-45.455,-50.883,-46.533,-49.221,-48.200,-47.748,5.000,-544.798,-289.718,14.557,-369.156,101.423
72277.964,299.619,0.840,16.908,120.125,-7.628,-58.388,-350.836,-336.471,-309.049,-285.481,-288.742,-288.001,-221.381,-161.662,-124.248,-114.761,-117.168,-109.360,-109.415,-97.850,-83.896,5.000,-544.798,-289.718,14.557,-369.156,101.434
72273.933,299.621,0.840,16.914,120.204,-8.429,-58.496,-350.611,-336.578,-308.109,-285.049,-288.742,-286.186,-222.024,-164.118,-123.831,-115.710,-116.849,-110.615,-109.206,-97.643,-83.783,5.000,-544.798,-289.718,14.557,-369.140,101.423
72269.901,299.617,0.840,16.909,120.125,-8.109,-57.631,-350.388,-335.988,-307.587,-284.833,-288.638,-286.292,-221.060,-163.448,-124.248,-114.972,-117.592,-109.988,-108.788,-98.679,-84.797,5.000,-544.798,-289.718,14.557,-369.156,101.413
72277.964,299.619,0.840,16.919,120.283,-7.949,-58.388,-350.165,-335.881,-307.900,-284.617,-289.468,-287.894,-216.564,-165.458,-124.560,-115.288,-117.486,-110.719,-109.624,-98.265,-85.247,5.000,-544.798,-289.718,14.557,-369.140,101.402
72277.964,299.619,0.840,16.908,120.125,-8.269,-58.388,-349.943,-336.843,-308.004,-285.158,-289.365,-287.574,-216.992,-163.225,-125.290,-115.921,-117.274,-111.347,-109.624,-98.161,-85.472,5.000,-544.798,-289.718,14.557,-369.140,101.434
72273.933,299.619,0.840,16.908,120.125,-8.269,-58.496,-349.608,-336.202,-308.317,-285.158,-287.910,-286.933,-221.596,-163.783,-125.186,-115.605,-117.486,-110.510,-110.042,-98.783,-84.909,5.000,-544.798,-289.718,14.557,-369.140,101.423
72281.995,299.619,0.840,16.908,120.125,-8.429,-59.361,-349.608,-335.774,-308.004,-284.834,-288.014,-286.506,-221.488,-162.332,-124.769,-116.343,-118.017,-110.615,-110.251,-98.576,-85.585,5.000,-544.798,-289.718,14.557,-369.156,101.402
72273.933,299.621,0.840,16.914,120.204,-8.269,-58.388,-350.165,-335.881,-307.169,-284.834,-288.533,-286.720,-222.165,-164.788,-124.665,-115.288,-118.124,-110.615,-109.310,-99.198,-84.797,5.000,-544.798,-289.718,14.557,-369.172,101.413
72273.933,299.621,0.840,16.925,120.362,-8.109,-58.388,-349.831,-336.308,-306.960,-284.510,-288.533,-286.933,-220.987,-163.338,-125.082,-116.026,-118.442,-110.615,-109.937,-99.509,-85.697,5.000,-544.798,-289.718,14.557,-369.172,101.413
72277.964,299.619,0.840,16.919,120.283,-8.429,-58.604,-349.051,-335.774,-307.378,-284.294,-289.468,-287.254,-220.666,-162.334,-125.395,-115.921,-117.486,-111.556,-110.565,-98.887,-86.824,5.000,-544.798,-289.718,14.557,-369.123,101.413
72273.933,299.621,0.840,16.925,120.362,-8.269,-58.928,-349.274,-336.415,-307.378,-284.510,-288.118,-287.360,-222.593,-162.334,-125.812,-115.799,-118.017,-111.242,-109.937,-99.198,-85.585,5.000,-544.798,-289.718,14.557,-369.140,101.413
72277.964,299.621,0.840,16.930,120.441,-8.429,-58.928,-349.385,-335.346,-307.900,-284.618,-288.014,-287.787,-220.773,-161.887,-125.082,-115.377,-118.231,-110.406,-110.460,-99.301,-85.360,5.000,-544.798,-289.718,14.557,-369.172,101.413
72273.933,299.621,0.840,16.931,120.441,-8.429,-58.820,-349.497,-334.918,-306.751,-284.078,-288.222,-286.826,-220.773,-161.217,-124.978,-116.748,-118.443,-110.946,-110.355,-99.301,-85.923,5.000,-544.798,-289.718,14.557,-369.172,101.434
72273.933,299.622,0.840,16.931,120.441,-8.429,-58.712,-349.943,-336.202,-307.169,-284.618,-288.118,-286.079,-222.379,-161.217,-125.708,-116.010,-118.337,-111.678,-110.252,-99.716,-85.697,5.000,-544.798,-289.718,14.557,-369.123,101.402
72273.933,299.622,0.840,16.925,120.362,-8.429,-59.253,-349.274,-335.988,-307.169,-284.186,-288.637,-287.254,-221.094,-163.115,-125.395,-115.799,-118.655,-111.155,-109.834,-98.473,-85.923,5.000,-544.798,-289.718,14.557,-369.140,101.423
72269.901,299.622,0.840,16.931,120.441,-8.589,-58.712,-348.159,-336.415,-306.438,-283.754,-288.430,-286.613,-217.989,-162.780,-125.291,-115.483,-117.168,-111.678,-109.520,-98.991,-85.360,5.000,-544.798,-289.718,14.557,-369.123,101.402
72277.964,299.622,0.840,16.936,120.520,-8.109,-58.172,-348.493,-334.918,-306.856,-283.646,-287.288,-286.613,-220.773,-163.003,-125.499,-115.799,-117.699,-110.737,-109.834,-98.888,-84.234,5.000,-544.798,-289.718,14.557,-369.123,101.423
72277.964,299.622,0.840,16.930,120.441,-8.429,-58.388,-348.382,-334.384,-306.542,-283.430,-287.288,-285.331,-219.167,-161.775,-124.353,-116.010,-117.381,-110.528,-109.834,-98.473,-84.122,5.000,-544.798,-289.718,14.557,-369.156,101.402
72281.995,299.624,0.840,16.935,120.520,-8.429,-57.523,-348.605,-335.239,-305.394,-283.754,-287.703,-287.040,-220.131,-163.562,-124.144,-115.483,-117.806,-110.946,-108.998,-99.095,-84.685,5.000,-544.798,-289.718,14.557,-369.172,101.413
72273.933,299.622,0.840,16.936,120.520,-8.429,-57.955,-349.051,-334.918,-306.125,-282.890,-287.910,-285.865,-217.989,-164.343,-125.186,-115.377,-118.231,-110.946,-110.147,-98.991,-85.698,5.000,-544.798,-289.718,14.557,-369.156,101.423
72277.964,299.632,0.840,33.889,482.556,-27.480,-199.059,-1467.587,-1411.020,-1335.851,-1217.111,-1181.788,-933.167,-864.690,-658.483,-473.226,-451.132,-439.246,-422.385,-410.803,-367.145,-303.488,5.000,-544.798,-289.718,14.557,-369.172,101.423
72281.995,299.630,0.840,33.888,482.556,-27.480,-198.843,-1466.921,-1410.807,-1335.538,-1216.464,-1181.062,-931.674,-862.980,-657.031,-471.662,-449.761,-438.289,-420.608,-409.340,-364.450,-301.574,5.000,-544.798,-289.718,14.557,-369.156,101.423
72281.995,299.632,0.840,33.894,482.714,-27.480,-197.762,-1465.251,-1410.701,-1334.496,-1215.602,-1180.336,-931.247,-862.659,-654.352,-471.141,-449.234,-436.696,-419.981,-409.026,-363.829,-300.335,5.000,-544.798,-289.718,14.557,-369.123,101.423
72277.964,299.630,0.840,33.897,482.793,-27.640,-197.762,-1465.140,-1409.420,-1333.664,-1215.170,-1178.366,-932.314,-862.766,-654.687,-470.828,-449.234,-436.802,-420.085,-409.130,-364.761,-301.236,5.000,-544.798,-289.718,14.557,-369.140,101.402
72273.933,299.630,0.840,33.895,482.714,-27.480,-199.275,-1465.474,-1410.808,-1335.123,-1216.036,-1179.507,-932.740,-863.514,-656.026,-471.037,-450.816,-438.183,-420.504,-409.967,-364.554,-301.349,5.000,-544.798,-289.718,14.557,-369.189,101.413
72273.933,299.627,0.840,33.898,482.793,-27.640,-199.059,-1466.698,-1411.021,-1334.810,-1216.359,-1179.507,-933.913,-863.300,-655.245,-471.141,-449.761,-437.121,-420.190,-408.294,-364.865,-301.687,5.000,-544.798,-289.718,14.557,-369.156,101.402
72277.964,299.629,0.840,33.903,482.951,-27.640,-198.627,-1467.032,-1410.808,-1335.123,-1216.359,-1179.196,-933.488,-863.835,-657.255,-471.871,-449.761,-438.714,-421.235,-409.758,-365.694,-302.813,5.000,-544.798,-289.718,14.557,-369.140,101.402
72273.933,299.630,0.840,33.904,482.951,-27.640,-199.924,-1466.587,-1411.662,-1335.540,-1216.683,-1181.166,-933.915,-863.088,-656.250,-472.287,-450.077,-437.546,-421.026,-409.444,-364.450,-302.700,5.000,-544.798,-289.718,14.557,-369.140,101.413
72273.933,299.630,0.840,33.901,482.872,-27.640,-198.302,-1465.029,-1410.381,-1334.393,-1214.957,-1178.988,-931.889,-861.912,-655.030,-471.349,-448.706,-437.015,-420.190,-408.921,-364.139,-300.673,5.000,-544.798,-289.718,14.557,-369.140,101.423
72273.933,299.630,0.840,33.904,482.951,-27.320,-198.302,-1465.029,-1409.527,-1335.540,-1215.389,-1180.025,-933.488,-862.981,-656.369,-471.560,-450.605,-437.758,-421.131,-410.803,-365.694,-303.263,5.000,-544.798,-289.718,14.557,-369.123,101.423
72273.933,299.632,0.840,33.907,483.030,-27.640,-199.383,-1466.809,-1410.808,-1335.748,-1217.114,-1180.543,-933.168,-864.371,-657.374,-472.289,-450.434,-438.289,-421.549,-410.385,-366.005,-303.714,5.000,-544.798,-289.718,14.557,-369.123,101.423
72269.901,299.630,0.840,33.916,483.267,-27.480,-199.383,-1467.477,-1410.808,-1335.956,-1217.330,-1180.440,-933.275,-863.943,-658.491,-473.540,-450.750,-439.568,-422.072,-411.012,-366.938,-304.614,5.000,-544.798,-289.718,14.557,-369.156,101.413
72265.870,299.630,0.840,33.911,483.109,-27.640,-200.248,-1467.588,-1412.196,-1336.790,-1218.085,-1181.995,-934.661,-865.546,-660.389,-473.957,-451.383,-439.462,-423.813,-411.534,-367.249,-306.416,5.000,-544.798,-289.718,14.557,-369.140,101.413
72273.933,299.632,0.840,33.912,483.188,-27.480,-202.087,-1468.813,-1413.904,-1338.144,-1218.301,-1182.202,-936.580,-865.546,-659.719,-474.999,-451.910,-439.249,-423.499,-411.955,-366.731,-304.727,5.000,-544.798,-289.718,14.557,-369.123,101.413
72269.901,299.630,0.840,33.910,483.109,-27.320,-202.087,-1468.924,-1413.157,-1338.561,-1218.948,-1181.062,-936.154,-866.081,-660.389,-474.166,-451.700,-439.462,-422.035,-412.687,-366.838,-304.389,5.000,-544.798,-289.718,14.557,-369.140,101.413
72265.870,299.632,0.840,33.911,483.109,-27.640,-203.060,-1469.369,-1413.370,-1338.561,-1218.624,-1182.410,-936.900,-866.508,-660.500,-473.957,-453.387,-440.311,-423.081,-411.746,-367.045,-304.504,5.000,-544.798,-289.718,14.557,-369.140,101.423
72265.870,299.632,0.840,33.914,483.188,-27.480,-201.870,-1470.259,-1414.651,-1338.978,-1220.242,-1183.758,-936.900,-866.829,-659.607,-474.166,-451.383,-439.993,-422.663,-411.642,-366.320,-302.702,5.000,-544.798,-289.718,14.557,-369.123,101.413
72261.839,299.632,0.840,33.915,483.188,-27.480,-200.681,-1469.702,-1414.011,-1337.519,-1218.409,-1183.135,-934.661,-864.798,-658.156,-472.915,-450.750,-439.355,-422.349,-411.119,-365.905,-303.266,5.000,-544.798,-289.718,14.557,-369.156,101.423
72265.870,299.632,0.840,33.917,483.267,-27.480,-200.140,-1468.700,-1414.650,-1338.249,-1219.163,-1183.446,-937.007,-866.081,-657.821,-473.957,-451.594,-439.355,-423.395,-411.642,-366.216,-304.279,5.000,-544.798,-289.718,14.557,-369.156,101.413
72269.901,299.633,0.840,33.916,483.267,-27.000,-199.275,-1468.811,-1413.903,-1338.978,-1219.056,-1183.343,-937.860,-865.653,-657.709,-473.853,-451.700,-438.930,-422.035,-411.119,-366.424,-302.702,5.000,-544.798,-289.718,14.557,-369.156,101.402
72265.870,299.671,0.840,9.057,34.457,-2.826,-34.168,-81.494,-70.245,-65.777,-66.403,-72.575,-71.130,-70.772,-70.113,-51.805,-42.191,-45.472,-39.003,-38.666,-33.688,-28.829,13.000,-544.798,-289.718,14.557,-369.156,101.413
72261.839,299.669,0.840,9.068,34.536,-2.986,-34.924,-81.271,-70.031,-65.986,-65.863,-72.886,-71.023,-70.343,-70.783,-52.430,-41.980,-45.684,-38.690,-38.248,-33.169,-29.166,13.000,-544.798,-289.718,14.557,-369.156,101.402
72265.870,299.669,0.840,9.078,34.615,-3.466,-35.033,-80.825,-70.459,-65.882,-65.648,-73.509,-70.810,-70.772,-69.890,-52.013,-42.402,-44.303,-38.794,-38.666,-32.859,-29.166,13.000,-544.798,-289.718,14.557,-369.140,101.402
72261.839,299.669,0.840,9.078,34.615,-3.146,-35.141,-81.940,-70.352,-66.612,-65.324,-72.055,-71.878,-70.986,-70.560,-53.055,-42.086,-44.728,-38.167,-38.875,-32.859,-28.716,13.000,-544.798,-289.718,14.557,-369.140,101.413
72261.839,299.669,0.840,9.057,34.457,-3.306,-35.789,-82.274,-70.245,-66.612,-65.432,-72.990,-71.023,-71.628,-71.453,-51.909,-43.035,-45.047,-38.585,-38.875,-32.548,-29.166,13.000,-544.798,-289.718,14.557,-369.123,101.413
72261.839,299.669,0.840,9.057,34.457,-3.146,-35.141,-82.385,-70.566,-66.508,-66.295,-73.198,-71.344,-72.056,-71.341,-51.700,-42.191,-45.047,-39.003,-38.353,-33.377,-29.054,13.000,-544.798,-289.718,14.557,-369.140,101.413
72269.901,299.671,0.840,9.067,34.536,-3.306,-35.357,-82.943,-70.566,-66.612,-66.188,-72.678,-71.546,-71.307,-72.458,-52.221,-42.402,-45.259,-38.480,-38.248,-33.066,-28.941,13.000,-544.798,-289.718,14.557,-369.156,101.413
72269.901,299.671,0.840,9.046,34.378,-3.306,-36.114,-81.828,-71.528,-66.926,-65.864,-73.924,-71.867,-72.259,-72.346,-52.326,-42.508,-44.941,-39.108,-38.562,-32.962,-30.405,13.000,-544.798,-289.718,14.557,-369.140,101.402
72269.901,299.667,0.840,9.057,34.457,-3.146,-35.898,-81.940,-71.100,-67.239,-65.864,-73.198,-72.401,-72.474,-71.677,-53.785,-42.930,-45.153,-38.794,-38.666,-33.273,-29.166,13.000,-544.798,-289.718,14.557,-369.123,101.413
72269.901,299.671,0.840,9.057,34.457,-3.466,-36.114,-82.163,-70.031,-67.761,-65.864,-72.990,-72.080,-71.938,-72.347,-52.326,-42.824,-45.472,-38.376,-39.502,-33.377,-29.166,13.000,-544.798,-289.718,14.557,-369.140,101.434
72269.901,299.669,0.840,9.067,34.536,-3.306,-36.330,-82.497,-70.459,-67.134,-66.188,-73.717,-71.760,-73.009,-72.793,-52.639,-43.029,-45.259,-38.899,-38.875,-33.273,-29.617,13.000,-544.798,-289.718,14.557,-369.156,101.402
72265.870,299.667,0.840,9.047,34.378,-2.986,-35.357,-82.943,-71.100,-66.612,-66.835,-73.301,-71.974,-72.688,-72.793,-53.056,-42.502,-45.784,-38.794,-38.875,-33.791,-29.617,13.000,-544.798,-289.718,14.557,-369.123,101.413
72269.901,299.669,0.840,9.046,34.378,-3.146,-35.898,-82.720,-71.528,-67.448,-65.864,-72.990,-71.760,-71.831,-73.686,-52.951,-43.029,-45.253,-38.376,-38.248,-33.273,-29.842,13.000,-544.798,-289.718,14.557,-369.140,101.423
72269.901,299.669,0.840,9.057,34.457,-3.306,-35.249,-81.717,-72.170,-67.030,-65.972,-73.301,-71.760,-71.403,-71.900,-52.951,-42.818,-45.253,-39.422,-39.085,-33.169,-29.392,13.000,-544.798,-289.718,14.557,-369.140,101.402
72273.933,299.669,0.840,9.036,34.299,-3.146,-36.006,-81.828,-70.780,-67.343,-65.864,-72.678,-72.507,-71.617,-71.454,-53.577,-42.607,-45.253,-38.585,-38.876,-33.274,-29.054,13.000,-544.798,-289.718,14.557,-369.156,101.413
72269.901,299.669,0.840,9.046,34.378,-3.146,-36.222,-82.608,-71.207,-67.552,-66.080,-72.471,-71.119,-71.510,-71.119,-53.056,-43.345,-44.722,-39.108,-38.980,-33.792,-29.167,13.000,-544.798,-289.718,14.557,-369.156,101.423
72265.870,299.667,0.840,9.067,34.536,-3.306,-35.573,-82.943,-71.207,-67.134,-66.727,-73.301,-70.585,-71.403,-70.672,-53.056,-42.713,-45.890,-39.213,-38.562,-33.688,-29.392,13.000,-544.798,-289.718,14.557,-369.140,101.423
72273.933,299.669,0.840,9.057,34.457,-3.306,-35.357,-83.612,-71.421,-66.926,-66.080,-73.405,-71.760,-71.510,-71.007,-52.847,-42.713,-46.315,-38.899,-38.353,-32.859,-29.392,13.000,-544.798,-289.718,14.557,-369.123,101.391
72269.901,299.671,0.840,9.078,34.615,-3.146,-35.681,-82.274,-71.421,-67.239,-65.864,-73.821,-71.760,-71.617,-70.449,-53.160,-43.029,-45.146,-39.108,-38.562,-32.859,-30.068,13.000,-544.798,-289.718,14.557,-369.140,101.402
72269.901,299.672,0.840,9.067,34.536,-3.466,-35.249,-82.274,-71.635,-66.821,-65.756,-73.094,-72.507,-71.617,-70.895,-53.577,-42.818,-45.146,-38.899,-38.667,-33.274,-28.716,13.000,-544.798,-289.718,14.557,-369.140,101.423
72273.933,299.682,0.840,17.159,123.681,-8.109,-74.823,-253.622,-227.094,-223.538,-224.044,-232.052,-228.236,-228.803,-228.202,-166.254,-140.497,-131.209,-118.892,-111.818,-94.429,-76.914,13.000,-544.798,-289.718,14.557,-369.123,101.423
72265.870,299.680,0.840,17.154,123.602,-7.789,-73.958,-254.180,-227.415,-222.911,-223.936,-231.221,-228.129,-227.304,-230.547,-165.941,-139.232,-131.634,-118.578,-111.714,-94.118,-76.125,13.000,-544.798,-289.718,14.557,-369.140,101.402
72269.901,299.680,0.840,17.159,123.681,-8.269,-73.958,-253.845,-227.521,-223.851,-223.720,-231.948,-228.556,-227.839,-231.440,-165.316,-139.864,-130.572,-118.578,-111.818,-93.496,-76.801,13.000,-544.798,-289.718,14.557,-369.123,101.402
72277.964,299.679,0.840,17.153,123.602,-8.109,-75.904,-253.734,-229.018,-224.791,-223.720,-231.429,-228.556,-227.732,-231.105,-166.671,-139.970,-130.784,-118.474,-111.714,-93.600,-75.562,13.000,-544.798,-289.718,14.557,-369.140,101.423
72269.901,299.679,0.840,17.165,123.760,-8.269,-75.796,-255.072,-228.163,-225.313,-224.153,-230.806,-228.450,-227.625,-229.765,-165.941,-139.126,-130.678,-117.742,-111.505,-93.186,-74.887,13.000,-544.798,-289.718,14.557,-369.140,101.434
72269.901,299.680,0.840,17.148,123.523,-8.269,-75.688,-254.291,-227.949,-224.582,-224.045,-231.533,-229.624,-229.981,-229.988,-164.586,-139.759,-130.253,-117.637,-111.296,-92.875,-74.774,13.000,-544.798,-289.718,14.557,-369.156,101.391
72269.901,299.680,0.840,17.159,123.681,-8.269,-74.715,-253.957,-228.056,-223.538,-224.477,-231.117,-229.910,-231.801,-230.993,-164.482,-138.493,-130.784,-117.846,-111.505,-93.186,-75.450,13.000,-544.798,-289.718,14.557,-369.172,101.413
72265.870,299.682,0.840,17.154,123.602,-8.429,-76.336,-253.957,-227.842,-223.852,-223.937,-232.675,-229.589,-230.695,-233.338,-165.524,-139.548,-130.891,-117.951,-111.609,-93.600,-75.787,13.000,-544.798,-289.718,14.557,-369.140,101.413
72269.901,299.682,0.840,17.154,123.602,-8.269,-75.904,-252.396,-228.804,-223.747,-223.937,-232.883,-230.337,-229.946,-230.996,-166.254,-139.970,-130.466,-119.101,-112.027,-93.704,-76.351,13.000,-544.798,-289.718,14.557,-369.140,101.413
72273.933,299.679,0.840,17.153,123.602,-8.269,-75.363,-251.616,-226.880,-223.956,-224.261,-232.052,-231.511,-229.838,-232.560,-166.672,-140.392,-130.891,-118.369,-112.236,-93.704,-75.450,13.000,-544.798,-289.718,14.557,-369.156,101.413
72273.933,299.680,0.840,17.153,123.602,-8.589,-75.796,-250.612,-226.452,-223.225,-223.613,-231.637,-230.230,-230.160,-232.894,-165.213,-140.372,-130.891,-118.160,-112.236,-93.704,-75.337,13.000,-544.798,-289.718,14.557,-369.140,101.402
72269.901,299.682,0.840,17.148,123.523,-8.429,-73.741,-250.501,-226.345,-221.972,-223.937,-230.287,-228.308,-229.410,-231.778,-164.483,-139.212,-130.765,-118.056,-111.191,-93.600,-75.450,13.000,-544.798,-289.718,14.557,-369.156,101.402
72273.933,299.680,0.840,17.153,123.602,-8.589,-74.174,-252.173,-226.559,-223.016,-223.289,-230.079,-227.987,-227.376,-229.657,-165.317,-139.423,-131.403,-118.057,-111.191,-93.600,-75.900,13.000,-544.798,-289.718,14.557,-369.140,101.413
72273.933,299.677,0.840,17.148,123.523,-8.749,-73.309,-250.835,-227.201,-223.747,-223.937,-231.325,-228.415,-226.306,-227.089,-165.421,-139.739,-130.553,-118.162,-111.297,-93.496,-76.463,13.000,-544.798,-289.718,14.557,-369.156,101.413
72277.964,299.679,0.840,17.153,123.602,-8.909,-73.633,-252.173,-226.880,-223.434,-223.721,-231.429,-229.376,-227.590,-226.866,-166.672,-140.056,-130.234,-118.057,-111.715,-93.809,-75.224,13.000,-544.798,-289.718,14.557,-369.123,101.402
72281.995,299.679,0.840,17.136,123.365,-8.749,-74.715,-253.511,-227.415,-225.522,-224.908,-231.533,-229.589,-228.875,-227.535,-164.588,-139.634,-130.765,-118.057,-112.760,-93.394,-75.225,13.000,-544.798,-289.718,14.557,-369.156,101.423
72277.964,299.675,0.840,17.142,123.444,-8.749,-75.147,-254.626,-227.949,-224.165,-225.016,-231.948,-228.949,-229.946,-229.433,-164.275,-139.423,-130.553,-117.639,-111.192,-93.498,-75.563,13.000,-544.798,-289.718,14.557,-369.156,101.434
72273.933,299.677,0.840,17.142,123.444,-8.589,-74.715,-254.626,-228.484,-224.896,-225.016,-232.156,-227.881,-228.233,-231.108,-165.421,-139.423,-131.509,-118.266,-111.610,-93.394,-75.225,13.000,-544.798,-289.718,14.557,-369.156,101.413
72281.995,299.677,0.840,17.152,123.602,-8.749,-74.606,-253.176,-228.484,-224.687,-224.477,-232.363,-228.842,-227.162,-229.433,-166.151,-139.845,-130.234,-118.162,-111.297,-92.979,-75.901,13.000,-544.798,-289.718,14.557,-369.156,101.391
72281.995,299.677,0.840,17.141,123.444,-8.589,-74.715,-253.176,-228.270,-225.000,-225.124,-232.675,-230.016,-228.661,-227.312,-165.943,-139.001,-130.340,-118.266,-110.879,-92.876,-74.324,13.000,-544.798,-289.718,14.557,-369.140,101.402
72265.870,299.683,0.840,34.116,488.878,-25.879,-244.472,-942.244,-901.047,-898.951,-879.008,-876.346,-882.732,-887.884,-877.722,-624.367,-532.035,-476.107,-436.919,-405.160,-333.769,-257.656,13.000,-544.798,-289.718,14.557,-369.107,101.413
72265.870,299.683,0.840,34.119,488.957,-25.879,-247.932,-953.264,-908.628,-906.349,-889.038,-883.500,-877.613,-878.265,-889.206,-622.595,-532.774,-475.045,-436.187,-404.115,-331.904,-255.742,13.000,-544.798,-289.718,14.557,-369.107,101.402
72265.870,299.682,0.840,34.119,488.957,-25.879,-252.149,-959.833,-913.537,-910.517,-888.283,-877.175,-877.507,-880.723,-890.767,-623.116,-531.613,-474.620,-435.873,-402.861,-332.318,-254.728,13.000,-544.798,-289.718,14.557,-369.140,101.423
72269.901,299.685,0.840,34.118,488.957,-25.879,-251.284,-958.051,-911.509,-910.307,-891.087,-885.055,-883.478,-885.105,-895.673,-619.781,-529.609,-473.133,-434.305,-401.294,-330.038,-252.814,13.000,-544.798,-289.718,14.557,-369.123,101.413
72269.901,299.682,0.840,34.118,488.957,-26.199,-251.501,-950.258,-908.198,-908.119,-887.637,-881.426,-879.000,-878.372,-896.342,-622.491,-530.770,-473.558,-435.560,-402.234,-330.867,-255.967,13.000,-544.798,-289.718,14.557,-369.123,101.413
72269.901,299.685,0.840,34.115,488.878,-25.879,-254.096,-949.813,-909.693,-908.640,-886.882,-878.316,-878.680,-881.899,-889.987,-622.283,-530.453,-473.876,-435.246,-402.339,-330.349,-252.926,13.000,-544.798,-289.718,14.557,-369.140,101.423
72269.901,299.687,0.840,34.115,488.878,-26.039,-256.042,-951.928,-910.441,-908.849,-889.470,-884.537,-884.651,-888.205,-895.896,-620.094,-529.504,-473.026,-433.573,-402.130,-329.830,-252.363,13.000,-544.798,-289.718,14.557,-369.123,101.402
72273.933,299.687,0.840,34.117,488.957,-25.559,-257.664,-952.596,-911.829,-912.391,-888.715,-881.737,-882.625,-887.028,-907.826,-621.449,-530.348,-472.920,-433.678,-400.458,-329.208,-252.025,13.000,-544.798,-289.718,14.557,-369.123,101.423
72269.901,299.682,0.840,34.121,489.036,-26.039,-256.258,-948.699,-909.053,-908.849,-889.686,-882.982,-883.158,-885.424,-895.869,-622.178,-529.609,-474.407,-434.514,-401.503,-330.452,-253.602,13.000,-544.798,-289.718,14.557,-369.140,101.413
72273.933,299.682,0.840,34.122,489.115,-25.719,-255.501,-942.354,-906.170,-907.494,-886.882,-879.664,-879.213,-881.149,-896.315,-619.679,-529.082,-472.389,-433.573,-400.667,-329.519,-253.151,13.000,-544.798,-289.718,14.557,-369.156,101.423
72265.870,299.683,0.840,34.119,488.957,-25.719,-253.663,-936.453,-901.578,-902.388,-881.921,-877.175,-877.507,-880.508,-890.073,-620.617,-529.323,-472.814,-434.514,-400.562,-329.105,-252.814,13.000,-544.798,-289.718,14.557,-369.123,101.402
72265.870,299.682,0.840,34.121,489.036,-25.719,-249.987,-928.437,-894.958,-898.220,-882.137,-875.931,-876.441,-877.836,-880.374,-620.409,-529.850,-473.029,-434.305,-401.921,-330.141,-254.165,13.000,-544.798,-289.718,14.557,-369.140,101.413
72269.901,299.683,0.840,34.115,488.878,-26.199,-249.770,-927.769,-894.638,-896.970,-879.440,-874.894,-873.668,-876.874,-877.587,-619.471,-529.955,-472.817,-433.642,-401.398,-330.141,-254.390,13.000,-544.798,-289.718,14.557,-369.123,101.413
72265.870,299.683,0.840,34.119,488.957,-25.879,-244.472,-924.540,-891.220,-893.323,-877.715,-872.613,-871.749,-873.988,-877.587,-617.490,-528.479,-472.498,-433.537,-399.937,-329.830,-253.827,13.000,-544.798,-289.718,14.557,-369.156,101.413
72257.807,299.682,0.840,34.118,488.878,-25.719,-240.364,-920.978,-887.270,-889.468,-870.273,-868.674,-866.631,-868.003,-873.128,-619.054,-528.795,-472.073,-433.851,-400.355,-329.522,-255.291,13.000,-544.798,-289.718,14.557,-369.156,101.391
72269.901,299.682,0.840,34.110,488.720,-25.879,-236.471,-914.075,-882.999,-884.883,-868.440,-870.333,-869.190,-871.423,-859.528,-618.220,-528.584,-471.755,-434.478,-400.773,-330.455,-255.518,13.000,-544.798,-289.718,14.557,-369.123,101.423
72261.839,299.682,0.840,34.114,488.799,-26.039,-233.984,-915.745,-881.397,-886.029,-866.499,-865.667,-862.685,-863.407,-862.204,-619.054,-529.323,-472.817,-434.060,-402.445,-331.284,-256.870,13.000,-544.798,-289.718,14.557,-369.123,101.413
72269.901,299.682,0.840,34.110,488.720,-25.879,-233.984,-919.307,-882.999,-886.238,-865.420,-865.252,-864.498,-866.721,-857.410,-619.783,-530.588,-473.879,-435.733,-403.282,-333.357,-260.135,13.000,-544.798,-289.718,14.557,-369.123,101.402
72257.807,299.683,0.840,34.112,488.720,-26.039,-232.362,-920.309,-883.639,-886.342,-863.155,-863.593,-867.484,-874.843,-873.797,-619.262,-530.166,-474.198,-436.465,-403.804,-335.223,-261.487,13.000,-544.798,-289.718,14.557,-369.123,101.402
72261.839,299.682,0.840,34.111,488.720,-26.039,-237.120,-926.766,-887.376,-891.656,-866.175,-868.985,-869.510,-871.958,-871.345,-623.849,-532.592,-477.278,-438.661,-405.581,-336.156,-263.626,13.000,-544.798,-289.718,14.557,-369.140,101.413
