"File Path: C:\Users\Administrator\Desktop\New folder\1022\Test Run 1 01-28-20 12 42 51 PM\DAQ- Crosshead, … - (Timed).csv   "
"Test: MTS EM Tension (Extensometer)_ASEN1022_cast 2"
"Test Run: Test Run 1"
"Date: 1/28/2020 12:38:11 PM"
""
""
"Crosshead ","Load ","Time ","Extensometer "
"in","lbf","sec","in"
"0.000662466845824383","165.966176452038","0.19200000166893","8.48156714065534E-05"
"0.00119722924893264","229.866965943217","0.291999995708466","0.000156851026585223"
"0.00173199172365465","281.788871823674","0.391999989748001","0.000215690893737057"
"0.0022571762165744","328.264169089836","0.492000013589859","0.000272255430728386"
"0.00277916831147718","372.011105768606","0.592000007629395","0.000318510236558193"
"0.00329158220973643","413.414535451053","0.691999971866608","0.000362037256516802"
"0.00380080385320622","452.899103350251","0.791999995708466","0.000405888185494004"
"0.00431002549667601","490.34606577763","0.892000019550323","0.000441489496229832"
"0.00481286148474676","526.228119760152","0.991999983787537","0.000479473325015526"
"0.00532208341467158","561.64546248261","1.09200000762939","0.00051304195089977"
"0.00581214895130934","593.302030402788","1.19200003147125","0.000547041942243552"
"0.00633094821851261","625.10420821702","1.29200005531311","0.000578799169782391"
"0.00681782150036091","653.023931193121","1.39199995994568","0.000604754823716504"
"0.00733502464016943","682.064789979938","1.49199998378754","0.000631192330808166"
"0.00782828300450672","709.075617424366","1.59200000762939","0.00065396572007178"
"0.00833271540642723","736.53238546027","1.69200003147125","0.000679886319072308"
"0.0088275704710693","762.165050658303","1.79200005531311","0.000703606657032107"
"0.00932881061820035","787.998869366213","1.89199995994568","0.000726021547832959"
"0.00982685793763188","812.854198367683","1.99199998378754","0.000748173974217906"
"0.0103280980847629","837.876816836577","2.09200000762939","0.000771387215171149"
"0.0108357227414729","862.540267892472","2.19199991226196","0.000794110904488067"
"0.0113273849784155","886.407776738202","2.29200005531311","0.000812266209079356"
"0.0118350107809455","910.983466685695","2.39199995994568","0.000837712581787354"
"0.0123186912350943","933.846580106932","2.49200010299683","0.000856344046242586"
"0.0128406833299971","960.139017840365","2.59200000762939","0.000881988287758537"
"0.0133275560389354","983.273153371228","2.69199991226196","0.000901698040538541"
"0.0138383740962549","1007.60992893168","2.79200005531311","0.000924495563637942"
"0.0143284402058027","1029.76897762585","2.89199995994568","0.000944575273081675"
"0.0148312764803285","1053.25097426056","2.99200010299683","0.000966015429048997"
"0.0153277270994552","1075.54031993493","3.09200000762939","0.000983542609386014"
"0.0158273711191916","1098.21484851034","3.19199991226196","0.00100613316873044"
"0.0163286112663226","1120.47301950706","3.29200005531311","0.00102664012584274"
"0.0168234657580546","1143.6832256422","3.39199995994568","0.0010460845496566"
"0.0173294942873699","1166.40605301399","3.49200010299683","0.00106534399513859"
"0.0178227526517072","1188.94940644926","3.59200000762939","0.0010872838718956"
"0.0183367629638162","1213.25248262225","3.69199991226196","0.00111043101335201"
"0.0188236368185745","1235.04742425379","3.79200005531311","0.00113038453935759"
"0.0193408405312931","1259.54062205248","3.89199995994568","0.00115525828847225"
"0.0198277132402314","1280.64686675579","3.99200010299683","0.00117230887926279"
"0.0203353390427614","1304.77914082162","4.09200000762939","0.00119315249264226"
"0.0208301935344934","1326.52644227674","4.19199991226196","0.00121213644000474"
"0.0213362220638087","1350.16628815958","4.29199981689453","0.00123660227716497"
"0.0218342688103302","1372.47594128243","4.39200019836426","0.00125534259452939"
"0.0223275283204876","1394.99865795926","4.49200010299683","0.00127749888805717"
"0.022831959576588","1417.90776500704","4.59200000762939","0.00129868381259794"
"0.02332681406832","1441.83246401847","4.69199991226196","0.00132305182536741"
"0.0238376321256395","1465.72434180237","4.79199981689453","0.00134601692465596"
"0.0243229098530032","1488.22279931102","4.89200019836426","0.00136782531855687"
"0.0248369201651122","1513.12170699921","4.99200010299683","0.00139221381286056"
"0.0253221978924758","1535.66143802476","5.09200000762939","0.0014147535264382"
"0.0258378031861594","1561.54981241857","5.19199991226196","0.0014403550145418"
"0.026329465423102","1584.11819341196","5.29199981689453","0.00146262116357134"
"0.0268338989708426","1609.42072535981","5.39200019836426","0.00148712423988471"
"0.0273303507357894","1632.44168802918","5.49200010299683","0.00150742530744838"
"0.0278299924638856","1656.33016294334","5.59200000762939","0.00153285964904536"
"0.0283312337568367","1681.39614055897","5.69199991226196","0.00155744780250092"
"0.0288260882485687","1705.25201378558","5.79199981689453","0.00158159639072186"
"0.029332116777884","1729.63555136251","5.89200019836426","0.00160602699391412"
"0.0298285685428308","1754.13039571108","5.99200010299683","0.00162910538616473"
"0.0303377893269355","1779.55587004969","6.09200000762939","0.00165469111924199"
"0.0308246620358738","1803.44555243376","6.19199991226196","0.00167648862785198"
"0.0313418668944125","1830.10154837986","6.29199981689453","0.00170346481361661"
"0.0318287396033507","1853.63579553064","6.39200019836426","0.00172851845648646"
"0.0323411526422449","1880.42252753692","6.49200010299683","0.00175474556236286"
"0.0328280253511832","1903.33876963416","6.59200000762939","0.00177723657858639"
"0.0333324588989238","1929.95667539313","6.69199991226196","0.00180515405556048"
"0.0338336979002347","1955.70015339783","6.79199981689453","0.00183272048190243"
"0.0343301496651816","1980.67436330036","6.89200019836426","0.00185739743641548"
"0.0348345832129222","2006.61674453011","6.99200010299683","0.00188375774387813"
"0.0353214559218604","2031.46362124222","7.09200000762939","0.00191144061418742"
"0.035825889469601","2057.52674946289","7.19199991226196","0.0019378642282104"
"0.0363207439613331","2083.31259868441","7.29199981689453","0.0019638495660464"
"0.0368363492550167","2110.75773110119","7.39200019836426","0.00199284683523414"
"0.0373200297091655","2135.20899676303","7.49200010299683","0.00201734074498673"
"0.0378372345677042","2162.65017746011","7.59200000762939","0.00204730537279113"
"0.0383272995314319","2187.15237639812","7.69199991226196","0.00207247760804099"
"0.0388365226071768","2215.70530757162","7.79199981689453","0.00210362873255554"
"0.0393313748072686","2240.84351384183","7.89200019836426","0.00213002656562635"
"0.0398326161002198","2266.96284429827","7.99200010299683","0.00215983120829974"
"0.0403338573931709","2294.19326661119","8.09200000762939","0.00218728419845212"
"0.0408255196301135","2319.54464620537","8.19200038909912","0.00221661418515045"
"0.0413299508862139","2347.21283124538","8.29199981689453","0.00224681327639214"
"0.0418216131231564","2373.48957187","8.39200019836426","0.00227690208244951"
"0.0423308339072611","2401.55666106002","8.49199962615967","0.00230831703204134"
"0.0428209011626291","2426.67993861134","8.59200000762939","0.00233539319060941"
"0.0433349114747381","2455.40213511212","8.69200038909912","0.00236893478230075"
"0.0438201892021017","2481.26767734764","8.79199981689453","0.00239609200764066"
"0.0443341995142107","2510.42631933561","8.89200019836426","0.00243181294915596"
"0.0448258617511532","2535.40030969816","8.99199962615967","0.00246276355515359"
"0.0453318879888283","2563.5920975988","9.09200000762939","0.00249314497501817"
"0.0458235502257709","2588.55686728205","9.19200038909912","0.00252183487796496"
"0.0463200019907177","2616.05490883485","9.29199981689453","0.00255698663334722"
"0.0468324173212521","2644.14395202322","9.39200019836426","0.00259055400599073"
"0.0473272695213439","2670.53463389927","9.49199962615967","0.0026214447428883"
"0.0478380898703036","2697.91851466065","9.59200000762939","0.00265482534685605"
"0.0483281525423912","2723.18581044115","9.69200038909912","0.00268747291241692"
"0.0488389728913509","2752.25268471601","9.79199981689453","0.00272289594070707"
"0.0493242506187145","2778.40758064978","9.89200019836426","0.0027551900207681"
"0.0498382609308235","2806.67840294449","9.99199962615967","0.00279107137709695"
"0.0503267286213364","2832.36502009347","10.0920000076294","0.00282450583460924"
"0.0508359494054411","2861.30521979785","10.1920003890991","0.00286368915800181"
"0.051326016660809","2886.82652333926","10.2919998168945","0.00289729778016881"
"0.0518256583889052","2915.6475128326","10.3920001983643","0.00293449625669883"
"0.052328494663431","2943.30142777369","10.4919996261597","0.00297279643925186"
"0.0528233514468032","2969.79661068188","10.5920000076294","0.00300898544827667"
"0.0533357667773375","2998.02857439951","10.6920003890991","0.00304971161842948"
"0.0538210445047012","3023.70904442894","10.7919998168945","0.00308524750999916"
"0.0543270707423762","3052.86636917701","10.8920001983643","0.00313095398720237"
"0.0548203279608934","3079.15474542075","10.9919996261597","0.00316978439800515"
"0.0553359378378574","3107.95421999571","11.0920000076294","0.00321510845775107"
"0.055826000509945","3133.8575231084","11.1920003890991","0.00325065981789206"
"0.0563368208589047","3161.33866008247","11.2919998168945","0.00329739781963734"
"0.0568252885494176","3186.91726355957","11.3920001983643","0.0033375986312758"
"0.0573392988615266","3216.48315221691","11.4919996261597","0.00338806169415553"
"0.0578341556448988","3241.6907331219","11.5920000076294","0.0034335888505136"
"0.05833539693785","3268.08295177783","11.6920003890991","0.00347591429906641"
"0.0588350386659461","3293.80996428377","11.7919998168945","0.00352524958851593"
"0.0593219113748843","3318.79076038581","11.8920001983643","0.00357241440824724"
"0.059831132158989","3345.85762541103","11.9919996261597","0.00362350681281509"
"0.0603227943959316","3369.82853758898","12.0920000076294","0.00367558089875081"
"0.060835209726466","3396.07673801574","12.1920003890991","0.00373277851924902"
"0.0613236774169789","3419.04457200911","12.2919998168945","0.0037855452534332"
"0.0618344977659386","3444.17443575994","12.3920001983643","0.00384539344227015"
"0.0623197754933022","3466.25862131973","12.4919996261597","0.00390472715788367"
"0.0628321862405562","3490.82953627259","12.5920000076294","0.00397336665141272"
"0.0633270430239284","3511.0550963321","12.6920003890991","0.00403991903363558"
"0.0638394583544628","3533.63983305427","12.7919998168945","0.00411054738439752"
"0.0643343105545546","3552.90117350627","12.8920001983643","0.00418547685734752"
"0.0648291673379268","3572.68831221875","12.9919996261597","0.00426446854899542"
"0.0653415826684612","3590.81265509623","13.0920000076294","0.00435373996564106"
"0.0658316453405487","3607.4379789664","13.1920003890991","0.00444637780173088"
"0.0663392711430788","3623.4404679034","13.2919998168945","0.00454856490250677"
"0.0668245488704424","3636.64338297085","13.3920001983643","0.00464984164921581"
"0.0673321746729725","3651.52973063175","13.4919996261597","0.00476875629112872"
"0.0678254318914897","3663.62704234232","13.5920000076294","0.00489364810357618"
"0.0683394422035987","3675.21063049151","13.6920003890991","0.00503124562862117"
"0.0688295094589666","3684.40737994013","13.7919998168945","0.00517110099216674"
"0.0693387302430713","3694.944420988","13.8920001983643","0.00532880651408909"
"0.0698303924800139","3701.71196051924","13.9919996261597","0.00548784691642413"
"0.0703396132641186","3711.24702108243","14.0920000076294","0.00566041945410144"
"0.070845644085074","3717.2400235519","14.1920003890991","0.00584859175948558"
"0.0713389013035912","3723.20536398345","14.2919998168945","0.00602810911276913"
"0.0718465271061213","3728.13447569289","14.3920001983643","0.00622622770950286"
"0.0723302052686299","3733.41704677577","14.4919996261597","0.00641528687964186"
"0.072839430636015","3739.00126579597","14.5920000076294","0.00662483331311025"
"0.0733278983265279","3741.86977522033","14.6920003890991","0.00683329465494704"
"0.0738435036202115","3746.87923856373","14.7919998168945","0.00704878503016717"
"0.0743335708755794","3750.15960499713","14.8920001983643","0.00726349051862104"
"0.0748411966781095","3754.73042745351","14.9919996261597","0.00748808901779002"
"0.0753296643686224","3757.24152578474","15.0920000076294","0.00771595310423465"
"0.0758436746807314","3761.81410456099","15.1920003890991","0.00795208657431732"
"0.0763385314641036","3762.8727263614","15.2919998168945","0.00819388784350842"
"0.0768381731921998","3766.34365350047","15.3920001983643","0.00842462220929534"
"0.0773394099018705","3767.97264017801","15.4919996261597","0.00866802075170127"
"0.0778262917773696","3771.28110772929","15.5920000076294","0.00890710241689281"
"0.0783418924877728","3773.73336934494","15.6920003890991","0.00916406288596354"
"0.0788335593079958","3775.59506840499","15.7919998168945","0.00940920307491649"
"0.0793443750736751","3778.79464412445","15.8920001983643","0.00965996694890416"
"0.0798280578194641","3779.66446153906","15.9919996261597","0.00990231592010149"
"0.0803388735851434","3783.28731034671","16.0919990539551","0.0101510551299782"
"0.0808385153132395","3785.21267600197","16.1919994354248","0.0104045414725157"
"0.0813493310789189","3788.2691116522","16.2919998168945","0.0106587061405505"
"0.0818425928807165","3788.63574342464","16.3920001983643","0.0109069767100077"
"0.0823502186832466","3792.25771407235","16.492000579834","0.0111561524773413"
"0.0828434804850441","3793.48142994036","16.5919990539551","0.0114095895496146"
"0.0833367331202809","3795.70185733343","16.6919994354248","0.0116528345521275"
"0.0838427639412364","3797.0950580687","16.7919998168945","0.0119102831405595"
"0.0843312316317493","3798.78024698201","16.8920001983643","0.0121568647711941"
"0.084843651545564","3801.06785361004","16.992000579834","0.0124118085968946"
"0.0853289201063669","3802.40573026946","17.0919990539551","0.0126539971532784"
"0.0858381500570324","3805.7414207787","17.1919994354248","0.0129038695792308"
"0.0863282127291199","3806.47380616364","17.2919998168945","0.0131529376394753"
"0.0868406234763739","3809.45823269928","17.3920001983643","0.0134043821306005"
"0.0873354802597461","3810.09094693171","17.492000579834","0.0136482871254891"
"0.0878383211175522","3813.41522136181","17.5919990539551","0.0138917807709631"
"0.0883283837896398","3814.41017656701","17.6919994354248","0.0141353076452199"
"0.0888376045737445","3817.1465229213","17.7919998168945","0.0143831015535168"
"0.0893452303762746","3818.02995181489","17.8920001983643","0.0146339204268691"
"0.0898400871596468","3820.15158621539","17.992000579834","0.0148669252351777"
"0.0903493079437515","3821.07716678581","18.0919990539551","0.0151129923925889"
"0.0908313865414051","3822.52920423665","18.1919994354248","0.0153441776385839"
"0.0913501863815184","3826.01988997424","18.2919998168945","0.0155889901229892"
"0.0918322741457327","3826.20562080027","18.3920001983643","0.0158202979717345"
"0.0923430899114121","3829.3964149204","18.492000579834","0.0160578448109065"
"0.0928299626203503","3829.86403508525","18.5919990539551","0.0162857404074038"
"0.0933343984597311","3833.41531385828","18.6919994354248","0.0165208707119918"
"0.0938292552431033","3834.38831506513","18.7919998168945","0.0167577082885239"
"0.0943368810456334","3837.05001782503","18.8920001983643","0.0169915885033863"
"0.0948365227737295","3838.20611537812","18.992000579834","0.0172309423008508"
"0.0953377594834003","3840.04673859975","19.0919990539551","0.0174635644052471"
"0.0958406003412065","3841.15673275631","19.1919994354248","0.0176961567183209"
"0.0963322579948686","3843.47595314196","19.2919998168945","0.0179289048629278"
"0.096846272890258","3845.09967085989","19.3920001983643","0.0181676490841008"
"0.0973315506176216","3845.67267021682","19.492000579834","0.0183937113684433"
"0.0978535404208842","3848.99343200717","19.5919990539551","0.0186324257982939"
"0.0983340240369632","3849.33547530146","19.6919994354248","0.0188520944064967"
"0.098838459876344","3852.75371284449","19.7919998168945","0.0190824993490058"
"0.0993365066228654","3853.60728430032","19.8920001983643","0.019315297909697"
"0.0998425374438209","3856.23166526303","19.992000579834","0.0195478443899669"
"0.100335790079058","3856.79017498104","20.0919990539551","0.019774162192191"
"0.100835440973715","3858.985574816","20.1919994354248","0.0199972602399433"
"0.101331892738661","3860.3317939948","20.2919998168945","0.0202289679799024"
"0.101834724429907","3862.96144391711","20.3920001983643","0.020460043227168"
"0.102342350232437","3863.96561980162","20.492000579834","0.0206958163368303"
"0.102832412904524","3864.92061872983","20.5919990539551","0.0209165402453422"
"0.103343237836765","3867.32370338917","20.6919994354248","0.0211474894523973"
"0.103823721452843","3867.95334406184","20.7919998168945","0.0213696135530674"
"0.104344116274531","3871.98717171859","20.8920001983643","0.0216042545924741"
"0.104837378076329","3872.21066342179","20.992000579834","0.021829942193645"
"0.105343408897284","3874.93778909677","21.0919990539551","0.0220565716589354"
"0.105838256514096","3875.30881166888","21.1919994354248","0.0222821286366152"
"0.106339502390327","3878.28709108499","21.2919998168945","0.0225051281438392"
"0.106834350007139","3879.55471494969","21.3920001983643","0.0227307378292436"
"0.107337190864945","3881.3171819372","21.492000579834","0.0229582014515644"
"0.107844816667475","3882.17733959253","21.5919990539551","0.0231843702971759"
"0.108342863413997","3884.00083869545","21.6919994354248","0.023408116879103"
"0.108845695105242","3885.54157029962","21.7919998168945","0.0236354430030122"
"0.109326187887882","3886.74333216928","21.8920001983643","0.0238520259176946"
"0.109841797764846","3889.67550818885","21.992000579834","0.0240857846756268"
"0.110327075492209","3890.03906640152","22.0919990539551","0.0243041298616179"
"0.110844271184187","3893.2610351993","22.1919994354248","0.0245324368075299"
"0.111332748041261","3893.13458016881","22.2919998168945","0.0247493153437972"
"0.111833984750932","3896.85753920893","22.3920001983643","0.024972193394091"
"0.112336816442177","3897.25973645869","22.492000579834","0.0252021640707834"
"0.112844442244707","3899.81254738678","22.5919990539551","0.025423275266488"
"0.113345688120939","3900.52693049308","22.6919994354248","0.0256519694995927"
"0.113838940756175","3901.61848329102","22.7919998168945","0.0258689099101452"
"0.114336987502697","3902.9941208276","22.8920001983643","0.0260938825195758"
"0.114830249304495","3905.27294585629","22.992000579834","0.0263154726680808"
"0.115342660051749","3907.10478747858","23.0919990539551","0.0265450835572629"
"0.115829532760687","3907.29578726422","23.1919994354248","0.0267582244283747"
"0.116343547656076","3910.16078404884","23.2919998168945","0.0269834078687031"
"0.116827230401865","3911.0990979383","23.3920001983643","0.0272037078237792"
"0.117339641149119","3914.39702757038","23.492000579834","0.0274272527413692"
"0.117836092914066","3914.40097929008","23.5919990539551","0.0276529311759793"
"0.118343718716596","3917.03150737233","23.6919994354248","0.0278752890239492"
"0.118843360444692","3917.49561489744","23.7919998168945","0.0281007910022644"
"0.119339812209639","3919.70330897147","23.8920001983643","0.0283188061920677"
"0.119839453937735","3921.01176727311","23.992000579834","0.0285436229699651"
"0.120335905702682","3922.24206934062","24.0919990539551","0.0287652222850309"
"0.120843531505212","3923.51671848479","24.1919994354248","0.0289875022172341"
"0.12133679330701","3924.43834733551","24.2919998168945","0.0292069175991956"
"0.12184441910954","3926.89499975083","24.3920001983643","0.0294327701984604"
"0.122324902725619","3927.91542159411","24.492000579834","0.029646275440363"
"0.122842107584157","3930.60083467224","24.5919990539551","0.0298705284747728"
"0.123332170256245","3930.80764133669","24.6919994354248","0.0300929756967102"
"0.123842995188485","3933.98394581791","24.7919998168945","0.0303109633868311"
"0.124334652842147","3933.52466817243","24.8920001983643","0.030529945648796"
"0.124834294570243","3936.69570369405","24.992000579834","0.0307467118946938"
"0.125345119502483","3937.99318499651","25.0919990539551","0.0309748996753158"
"0.125841562100869","3938.96882068316","25.1919994354248","0.0311948192181198"
"0.126347592921825","3939.86103117609","25.2919998168945","0.0314187239232202"
"0.126837664760473","3940.92316561624","25.3920001983643","0.0316318143782477"
"0.127335711506995","3942.74051759962","25.492000579834","0.0318552997131927"
"0.127828964142231","3944.38048127633","25.5919990539551","0.0320702005639731"
"0.128347763982345","3946.75590389776","25.6919994354248","0.0322981729304169"
"0.128833041709708","3946.4573295202","25.7919998168945","0.0325150652165253"
"0.129343857475388","3949.08434496272","25.8920001983643","0.0327358257912803"
"0.129833929314036","3949.88786130231","25.992000579834","0.0329509443478791"
"0.130339960134992","3953.39830563841","26.0919990539551","0.0331715674242225"
"0.130839601863088","3952.92585559392","26.1919994354248","0.0333973948154452"
"0.131340838572758","3954.294906931","26.2919998168945","0.0336136385673789"
"0.131846869393714","3955.53311243792","26.3920001983643","0.0338348162206491"
"0.132333742102652","3956.41522409161","26.492000579834","0.0340451750405661"
"0.132834978812323","3958.48416889607","26.5919990539551","0.0342661533211395"
"0.13333143057727","3959.42116554563","26.6919994354248","0.0344816981228142"
"0.133843850491084","3961.59241598241","26.7919998168945","0.0347093909091543"
"0.134330723200023","3961.67803657597","26.8920001983643","0.0349237715576108"
"0.134839943984127","3963.78386409766","26.992000579834","0.0351395959393891"
"0.135323617563356","3964.7344722262","27.0919990539551","0.0353526130619305"
"0.13583922744032","3968.22691428365","27.1919994354248","0.0355764536011055"
"0.136337274186841","3967.94634218474","27.2919998168945","0.0357958781496277"
"0.136844899989371","3970.46314855554","27.3920001983643","0.0360133525123453"
"0.137339756772743","3970.08114898425","27.492000579834","0.0362301416746451"
"0.137828224463256","3971.6236369083","27.5919990539551","0.0364433490033225"
"0.138339040228936","3973.59598412002","27.6919994354248","0.0366669260038752"
"0.138832302030733","3974.16766623705","27.7919998168945","0.0368821614341238"
"0.139343117796413","3975.76020927732","27.8920001983643","0.0371052273989134"
"0.139831585486926","3975.94901366313","27.992000579834","0.0373211342797387"
"0.140342410419166","3978.59886126392","28.0919990539551","0.0375417000650773"
"0.140829283128104","3979.62191758702","28.1919994354248","0.0377549211435959"
"0.141346478820082","3981.856834619","28.2919998168945","0.0379764929589793"
"0.141838145640305","3981.20172730825","28.3920001983643","0.0381897346622597"
"0.142348961405984","3984.40393750752","28.492000579834","0.0384093219172356"
"0.142837429096497","3984.15102744653","28.5919990539551","0.0386209021813757"
"0.143335475843018","3986.53610982723","28.6919994354248","0.038836513440616"
"0.143841506663974","3987.61317298626","28.7919998168945","0.0390618733372393"
"0.144334768465771","3988.22481138028","28.8920001983643","0.0392727821508027"
"0.144843989249876","3989.03667023925","28.992000579834","0.0394934029355059"
"0.145327671995665","3989.44545368852","29.0919990539551","0.0397041238345734"
"0.145832098668485","3992.38728946736","29.1919994354248","0.0399251800309133"
"0.146326955451857","3993.00156234118","29.2919998168945","0.0401432250120391"
"0.146842565328821","3995.07621518522","29.3920001983643","0.0403651428650918"
"0.147332628000909","3995.2281368538","29.492000579834","0.040581226202212"
"0.147841848785014","3997.52013428149","29.5919990539551","0.040802603228179"
"0.148331920623662","3997.41607232932","29.6919994354248","0.0410168486698641"
"0.148847521334065","4000.73946859948","29.7919998168945","0.0412400635912662"
"0.149348767210297","4000.05362569104","29.8920001983643","0.0414642547513908"
"0.149850003919968","4001.42575058789","29.992000579834","0.0416759748055827"
"0.150352835611213","4001.73398472471","30.0919990539551","0.0418961647619295"
"0.150834923375427","4002.9739465515","30.1919994354248","0.0421053548453478"
"0.151340954196383","4005.13861078877","30.2919998168945","0.0423289822619848"
"0.151829421886896","4004.99195807979","30.3920001983643","0.042539047751957"
"0.15234183263415","4007.24970727006","30.492000579834","0.0427568269028204"
"0.152828714509649","4007.29229802686","30.5919990539551","0.0429731210708384"
"0.153337935293753","4009.62995977112","30.6919994354248","0.0431931918618951"
"0.153827997965841","4010.4589427488","30.7919998168945","0.0434075473023095"
"0.154343598676244","4012.90417908498","30.8920001983643","0.0436285347494436"
"0.154838464626177","4011.7625711708","30.992000579834","0.0438484405424065"
"0.155349280391856","4014.36543721513","31.0919990539551","0.0440636255565708"
"0.155844128008668","4014.36060733549","31.1919994354248","0.0442826101101759"
"0.156329405736031","4015.78015286878","31.2919998168945","0.0444922860213152"
"0.156841816483285","4016.84887350843","31.3920001983643","0.0447166467628141"
"0.157333492470069","4017.25194891813","31.492000579834","0.0449345817452106"
"0.157845903217323","4019.31430752309","31.5919990539551","0.0451551841967923"
"0.158331180944687","4018.18104212829","31.6919994354248","0.0453662809248515"
"0.158837211765642","4020.91826664251","31.7919998168945","0.0455821350979523"
"0.159335249345603","4022.21355254514","31.8920001983643","0.0458028521315437"
"0.159849255074432","4023.9141092573","31.992000579834","0.0460265574639472"
"0.160340931061215","4023.10225039833","32.0919990539551","0.0462431541284708"
"0.160845348567475","4025.45967074111","32.1920013427734","0.0464566799951351"
"0.161332239609534","4025.39863862569","32.2919998168945","0.0466758478799556"
"0.161835062134219","4027.30380660247","32.3919982910156","0.0468911887256531"
"0.162341092955174","4027.83860600227","32.492000579834","0.0471131340783881"
"0.162835958905107","4028.48976159332","32.5919990539551","0.0473281082616547"
"0.163346774670787","4029.70645218185","32.6920013427734","0.047553243577539"
"0.16382884410188","4029.98043808125","32.7919998168945","0.0477648627995623"
"0.16433967820068","4032.91744398046","32.8919982910156","0.0479879539723941"
"0.164828145891193","4032.0682633243","32.992000579834","0.0482102384878777"
"0.165343746601597","4033.6924201222","33.0919990539551","0.0484301076145975"
"0.165840189199983","4033.92644974461","33.1920013427734","0.0486519979679678"
"0.166343030057789","4036.15609781699","33.2919998168945","0.0488646209283959"
"0.166829902766727","4036.06652550372","33.3919982910156","0.0490824871615866"
"0.167343926828677","4038.82263045653","33.492000579834","0.0493097353697292"
"0.167848344334937","4038.18069554479","33.5919990539551","0.04953388069705"
"0.168344805266444","4039.05622099897","33.6920013427734","0.0497481628049781"
"0.168846032809554","4038.99606704349","33.7919998168945","0.0499676927689492"
"0.169326525592194","4039.84349137978","33.8919982910156","0.0501829831985625"
"0.169843739617293","4042.55876189566","33.992000579834","0.0504089710045987"
"0.170330612326232","4041.3956390631","34.0919990539551","0.0506248389275407"
"0.17084461805506","4043.81057888155","34.1920013427734","0.0508453634633558"
"0.171328300800849","4042.85997075302","34.2919998168945","0.0510587609981693"
"0.171829528343959","4045.24944393339","34.3919982910156","0.0512788363725064"
"0.172329179238616","4046.24439913859","34.492000579834","0.0515001079830246"
"0.172843184967445","4048.30851406342","34.5919990539551","0.0517246428891782"
"0.173341240880527","4047.60203439653","34.6920013427734","0.05194406285442"
"0.173845676719908","4048.58557352259","34.7919998168945","0.0521629144928939"
"0.174340524336719","4048.81257786552","34.8919982910156","0.0523868352394756"
"0.174832181990381","4050.28525207481","34.992000579834","0.0526038352326732"
"0.175344592737635","4050.74804236002","35.0919990539551","0.0528270180711127"
"0.175834673742844","4050.25583371702","35.1920013427734","0.0530441830624042"
"0.176351869434822","4052.83455036317","35.2919998168945","0.053271930848109"
"0.176835552180611","4052.16846605324","35.3919982910156","0.0534823721670729"
"0.177343177983141","4054.64004718743","35.492000579834","0.0537057108370455"
"0.177836430618378","4054.39943136552","35.5919990539551","0.0539291457559063"
"0.178347246384057","4056.34543377923","35.6920013427734","0.0541497115412448"
"0.178840517352416","4055.39438657073","35.7919998168945","0.0543695210853196"
"0.179341744895526","4057.2556465508","35.8919982910156","0.0545877814806235"
"0.179828617604464","4057.612179484","35.992000579834","0.0548077101899883"
"0.180336243406994","4059.37772003127","36.0919990539551","0.0550321305141322"
"0.180843869209524","4059.09187897276","36.1920013427734","0.0552604787095677"
"0.181337140177883","4059.61965309309","36.2919998168945","0.0554791378502653"
"0.181844765980413","4060.11800885562","36.3919982910156","0.0557065235568196"
"0.182323645448356","4059.72371504526","36.492000579834","0.0559204160859148"
"0.18284564441818","4063.0620400343","36.5919990539551","0.0561534713103077"
"0.183335707090267","4061.98892859497","36.6920013427734","0.0563745733394515"
"0.183846522855946","4063.29958229644","36.7919998168945","0.0565956707853149"
"0.184336585528034","4062.86401496919","36.8919982910156","0.0568150082515098"
"0.18483942638584","4065.66095435892","36.992000579834","0.0570372836004327"
"0.185334274002652","4065.50069017097","37.0919990539551","0.0572624647491208"
"0.185841899805182","4066.56326369109","37.1920013427734","0.057486449661628"
"0.186339955718264","4066.10398604562","37.2919998168945","0.0577130882934792"
"0.186839606612921","4067.3399961527","37.3919982910156","0.0579311516077265"
"0.187342429137605","4067.60827401253","37.492000579834","0.058159582302209"
"0.187827706864969","4067.90465299025","37.5919990539551","0.0583790572668154"
"0.188343325908494","4069.65526481865","37.6920013427734","0.0586096879358836"
"0.188825395339587","4068.27523648239","37.7919998168945","0.0588298824755108"
"0.18934739430941","4071.00016675754","37.8919982910156","0.0590530882303522"
"0.189831077055199","4069.85153356389","37.992000579834","0.0592758448237157"
"0.19033551289458","4072.53475124218","38.0919990539551","0.0594976526780391"
"0.190838353752386","4071.92443008806","38.1920013427734","0.0597275179392827"
"0.191349169518065","4073.71412003352","38.2919998168945","0.0599556415539792"
"0.191845612116451","4073.109067839","38.3919982910156","0.0601810976994906"
"0.192342073047959","4073.11784943834","38.492000579834","0.0603984231055956"
"0.19283692066477","4073.76724870952","38.5919990539551","0.060620799286687"
"0.193336571559427","4075.22850683967","38.6920013427734","0.0608488541521777"
"0.193848982306681","4075.83663259396","38.7919998168945","0.0610792648237873"
"0.194334260034045","4074.78767055281","38.8919982910156","0.0612975252190913"
"0.19484348081815","4076.44827098797","38.992000579834","0.0615252455051138"
"0.195319170322944","4076.06934497646","39.0919990539551","0.0617456737920407"
"0.195837979329618","4079.02303591441","39.1920013427734","0.0619761807125384"
"0.196334421928004","4077.66013169687","39.2919998168945","0.0622038505824767"
"0.196840452748959","4079.09153238926","39.3919982910156","0.0624320750293417"
"0.197335300365771","4078.50272615353","39.492000579834","0.0626576549234235"
"0.197834951260428","4080.05750831665","39.5919990539551","0.0628789448670632"
"0.198334602155085","4080.55849855898","39.6920013427734","0.0631093967881963"
"0.198831044753471","4080.63226399344","39.7919998168945","0.0633371949899854"
"0.199340265537575","4080.82633733885","39.8919982910156","0.0635679310745024"
"0.199836726469083","4080.81975113934","39.992000579834","0.0637960821888813"
"0.200344352271613","4082.13435656052","40.0919990539551","0.0640269786882119"
"0.200824826721131","4081.69878923326","40.1920013427734","0.0642501936096141"
"0.201346825690955","4083.68386976403","40.2919998168945","0.0644849354811893"
"0.201836888363042","4082.55323884903","40.3919982910156","0.0647099791314658"
"0.202350894091871","4084.3692735925","40.492000579834","0.0649395831457273"
"0.202836171819234","4082.57299744754","40.5919990539551","0.0651599335168877"
"0.203339012677041","4085.35412995847","40.6920013427734","0.065386100070859"
"0.203838663571698","4085.49902634757","40.7919998168945","0.0656202323661428"
"0.204343099411078","4086.06543950499","40.8919982910156","0.0658493322195617"
"0.204844326954188","4085.36378971774","40.992000579834","0.0660801324700042"
"0.205332794644701","4084.94359018933","41.0919990539551","0.0662997815992654"
"0.205830850557783","4085.88014775892","41.1920013427734","0.0665312510086443"
"0.206325698174595","4086.26039101034","41.2919998168945","0.0667560792447427"
"0.206846102162844","4088.40178400935","41.3919982910156","0.0669953998134244"
"0.207331379890207","4087.09376478769","41.492000579834","0.067222528856277"
"0.207851765545334","4088.72538594503","41.5919990539551","0.067456936148384"
"0.208337043272698","4087.54865163349","41.6920013427734","0.0676852110113333"
"0.208843074093653","4090.1264901197","41.7919998168945","0.0679140037849663"
"0.209339535025161","4088.28586689807","41.8919982910156","0.0681470544260787"
"0.209845547512995","4089.6795067133","41.992000579834","0.0683748480445874"
"0.210346793389227","4089.52231608512","42.0919990539551","0.06860825618157"
"0.210838451042889","4089.57237120135","42.1920013427734","0.0688310631910178"
"0.211338101937546","4090.11858668029","42.2919998168945","0.0690637838359423"
"0.211832949554357","4090.45228745521","42.3919982910156","0.0692958628216128"
"0.212340575356887","4091.08631892754","42.492000579834","0.0695328184176148"
"0.2128290430474","4090.20332911392","42.5919990539551","0.069758687058361"
"0.213344662090925","4091.74889059773","42.6920013427734","0.0699938093422083"
"0.213823541558868","4090.94098345847","42.7919998168945","0.0702187246606341"
"0.214342350565542","4093.53594606339","42.8919982910156","0.0704617256034664"
"0.214838793163928","4091.9354995837","42.992000579834","0.0706929108494614"
"0.215346418966459","4093.72343320929","43.0919990539551","0.0709242565102699"
"0.215839689934817","4092.07776149301","43.1920013427734","0.0711539751065411"
"0.216332942570054","4092.92738122914","43.2919998168945","0.0713860678420527"
"0.216843758335733","4094.12826493886","43.3919982910156","0.0716249392492565"
"0.21733701097097","4093.40466115326","43.492000579834","0.0718535349418329"
"0.217847845069771","4093.71684700979","43.5919990539551","0.0720909809488363"
"0.218339502723433","4092.88522955231","43.6920013427734","0.0723199524704044"
"0.218843938562814","4094.19456601387","43.7919998168945","0.072555125170336"
"0.219334001234901","4094.22047173193","43.8919982910156","0.0727832625348737"
"0.219854386890028","4095.43145428089","43.992000579834","0.0730254384872364"
"0.220339664617392","4093.93550883335","44.0919990539551","0.0732542358441498"
"0.220850480383071","4095.64792070462","44.1920013427734","0.0734847198482456"
"0.22133735309201","4094.31180036506","44.2919998168945","0.0737130634604007"
"0.221833814023517","4096.2613154185","44.3919982910156","0.0739418562340338"
"0.222335059899749","4095.72432061887","44.492000579834","0.074180425144732"
"0.22283309747971","4095.42311176152","44.5919990539551","0.0744110741469217"
"0.223342318263814","4096.04704439461","44.6920013427734","0.0746487126517014"
"0.223830785954327","4095.07140870796","44.7919998168945","0.0748751083696921"
"0.224335221793708","4096.64682762952","44.8919982910156","0.0751147772676832"
"0.224828474428945","4095.82882165102","44.992000579834","0.0753488728967239"
"0.225347283435619","4097.14737879189","45.0919990539551","0.0755859018252121"
"0.225837346107706","4095.6242103864","45.1920013427734","0.0758180266436864"
"0.226351351836535","4096.6112621522","45.2919998168945","0.0760508343709383"
"0.226835034582324","4095.80203777303","45.3919982910156","0.076283307518722"
"0.227350653625849","4098.35967858076","45.492000579834","0.0765180723066992"
"0.227850286187384","4096.62706903101","45.5919990539551","0.0767561553896764"
"0.228348342100466","4096.86065957345","45.6920013427734","0.0769840223406713"
"0.228846379680427","4096.41762788675","45.7919998168945","0.0772204279430269"
"0.229330062426216","4096.50632204009","45.8919982910156","0.0774434320335313"
"0.229837688228746","4097.17635806972","45.992000579834","0.0776800118005417"
"0.230329345882408","4096.2108212223","46.0919990539551","0.0779126774461016"
"0.230843369944358","4097.25407522387","46.1920013427734","0.0781489822162887"
"0.231330242653297","4095.59084030891","46.2919998168945","0.0783787787283265"
"0.231839463437401","4097.36428429559","46.3919982910156","0.0786100143904057"
"0.23232633614634","4096.83519293536","46.492000579834","0.078838490917692"
"0.232843531838318","4098.30786714465","46.5919990539551","0.0790718715549923"
"0.23333518949198","4095.74539645729","46.6920013427734","0.0793047388648893"
"0.233847600239234","4097.66505407298","46.7919998168945","0.0795344437113193"
"0.234340871207592","4096.41938420662","46.8919982910156","0.0797593361133431"
"0.234829338898105","4096.53266683811","46.992000579834","0.0799875743100493"
"0.235341749645359","4096.84441361467","47.0919990539551","0.0802241357439381"
"0.235833407299021","4095.84111589009","47.1920013427734","0.0804480839902022"
"0.236342628083126","4096.43519108543","47.2919998168945","0.0806817212912041"
"0.236827905810489","4094.78951936915","47.3919982910156","0.080903167066377"
"0.23733553161302","4096.60072423299","47.492000579834","0.0811374276935116"
"0.237831992544527","4096.24111774002","47.5919990539551","0.0813645750694857"
"0.23834759325493","4097.18996954869","47.6920013427734","0.081597589044355"
"0.238839250908593","4095.37130032541","47.7919998168945","0.0818241497604396"
"0.239345281729548","4096.22048098157","47.8919982910156","0.082046548857933"
"0.239827369493762","4094.31136128509","47.992000579834","0.0822713954271529"
"0.240336590277867","4096.43606924537","48.0919990539551","0.082493922856497"
"0.240841026117248","4095.50917143505","48.1920013427734","0.0827260110087282"
"0.241335873734059","4094.91246175991","48.2919998168945","0.082945027645296"
"0.241849897796009","4094.38951751922","48.3919982910156","0.0831781332857731"
"0.242335157190252","4093.31640607989","48.492000579834","0.0833933916324236"
"0.242844396307478","4094.79830096849","48.5919990539551","0.0836205115087154"
"0.24332965570172","4092.41673122753","48.6920013427734","0.0838354490257389"
"0.243845274745245","4093.36909567593","48.7919998168945","0.0840563906400692"
"0.244335337417332","4092.15416140727","48.8919982910156","0.0842698981736119"
"0.244844558201437","4093.24659236514","48.992000579834","0.0844855690154973"
"0.24533302589195","4091.73703543862","49.0919990539551","0.0846983157244958"
"0.245843841657629","4093.18204760999","49.1920013427734","0.0849227772981632"
"0.246338707607562","4090.92298117982","49.2919998168945","0.0851358906695927"
"0.246843125113821","4091.01694429276","49.3919982910156","0.0853470607301382"
"0.247342776008478","4089.59608151957","49.492000579834","0.0855572316355593"
"0.247826458754267","4089.02922928219","49.5919990539551","0.0857628467602758"
"0.248338869501521","4089.29443358225","49.6920013427734","0.0859855850205177"
"0.248830527155183","4087.66632506464","49.7919998168945","0.0861948667695438"
"0.249344551217134","4088.53175167958","49.8919982910156","0.0864116925980866"
"0.249829828944497","4085.97103731209","49.992000579834","0.0866183710438529"
"0.250335841432331","4086.73503645465","50.0919990539551","0.0868265344724646"
"0.250832302363839","4085.61889517856","50.1920013427734","0.0870367787103719"
"0.251343118129518","4086.32713116532","50.2919998168945","0.0872449054727404"
"0.251839579061026","4083.35631610865","50.3919982910156","0.0874479172941972"
"0.25234879984513","4083.68079620426","50.492000579834","0.0876503241226429"
"0.252842052480367","4082.21734267428","50.5919990539551","0.0878515759644311"
"0.253340090060328","4081.97409237256","50.6920013427734","0.0880480795277385"
"0.253847715862858","4080.3174436571","50.7919998168945","0.0882515863434771"
"0.254336183553371","4078.5137031527","50.8919982910156","0.0884417741464114"
"0.254850207615321","4078.25991493178","50.992000579834","0.0886452626290284"
"0.255330682064839","4075.94815890557","51.0919990539551","0.0888314813111476"
"0.255844706126789","4076.90886587335","51.1920013427734","0.0890327973188612"
"0.256334768798877","4074.06055412747","51.2919998168945","0.0892229851217955"
"0.256847179546131","4073.77471306896","51.3919982910156","0.0894178295376029"
"0.257342027162942","4070.84604968913","51.492000579834","0.0896040207200398"
"0.257843273039174","4070.88205424642","51.5919990539551","0.089790926894217"
"0.258328550766537","4068.66074869341","51.6920013427734","0.0899725531293886"
"0.258832986605918","4068.31431459946","51.7919998168945","0.0901581943181791"
"0.259340612408448","4065.83263462602","51.8919982910156","0.0903493446099946"
"0.25983546002526","4064.12593079432","51.992000579834","0.0905254800752627"
"0.26034308582779","4061.78914720999","52.0919990539551","0.0907141187294262"
"0.260826768573579","4059.38957519038","52.1920013427734","0.090891115851407"
"0.261350362524977","4060.11844793559","52.2919998168945","0.0910816428170899"
"0.26183883021549","4055.61480471416","52.3919982910156","0.0912568799594021"
"0.262351240962744","4055.07254095492","52.492000579834","0.091432942092184"
"0.262838113671682","4051.54014262047","52.5919990539551","0.0915925777480593"
"0.263339359547914","4051.73465504585","52.6920013427734","0.0917535058890037"
"0.263837397127874","4048.22289346985","52.7919998168945","0.0919233255938986"
"0.264348212893554","4046.56756199429","52.8919982910156","0.0920890203464454"
"0.264843078843487","4042.68521692615","52.992000579834","0.0922497834892958"
"0.265339521441873","4040.82439602604","53.0919990539551","0.0924051566944113"
"0.26583917233653","4038.16884038568","53.1920013427734","0.0925684773077176"
"0.266329235008617","4036.07398986316","53.2919998168945","0.092727462137778"
"0.266843240737446","4032.85772910495","53.3919982910156","0.0928915894084324"
"0.267331708427959","4028.66671082001","53.492000579834","0.0930502900751088"
"0.267850517434633","4027.69195329329","53.5919990539551","0.0932125107011223"
"0.268331010217272","4023.34769609988","53.6920013427734","0.0933642356150498"
"0.268838636019802","4022.44670400761","53.7919998168945","0.093519132159005"
"0.269338268581338","4017.90486082905","53.8919982910156","0.0936785019846178"
"0.269847489365443","4016.01506065112","53.992000579834","0.0938395584574131"
"0.270348735241674","4011.400769278","54.0919990539551","0.0939925850229704"
"0.270849981117906","4008.6538850045","54.1920013427734","0.0941461615821743"
"0.271340043789993","4004.38251508561","54.2919998168945","0.094301644786019"
"0.271838081369954","4002.41675407339","54.3919982910156","0.0944525172097946"
"0.272348897135633","3997.89862121304","54.492000579834","0.0946121436991091"
"0.272835788177693","3993.69399144913","54.5919990539551","0.0947584970084232"
"0.273345008961798","3990.58135356313","54.6920013427734","0.0949108085822402"
"0.273822293448167","3985.88495423618","54.7919998168945","0.095056969393778"
"0.274342697436415","3984.35388239128","54.8919982910156","0.0952095834641006"
"0.274835950071652","3978.90490000092","54.992000579834","0.0953584942438706"
"0.275346765837331","3976.08205489313","55.0919990539551","0.095504590889483"
"0.275838423490994","3970.44690259676","55.1920013427734","0.0956469567448605"
"0.276342859330374","3968.4763117049","55.2919998168945","0.0957949875347962"
"0.276837725280307","3963.45455412242","55.3919982910156","0.095940580019566"
"0.277340547804992","3959.12698196775","55.492000579834","0.0960867958304685"
"0.277844983644373","3952.96888543069","55.5919990539551","0.0962357982758462"
"0.278343039557455","3949.80399702861","55.6920013427734","0.0963776599703811"
"0.278847475396836","3945.13350341972","55.7919998168945","0.0965188525059796"
"0.279334348105774","3940.09549987846","55.8919982910156","0.0966585417256111"
"0.279849948816177","3936.54641650527","55.992000579834","0.0968045192059335"
"0.280335226543541","3930.20302822214","56.0919990539551","0.0969381676620151"
"0.280850827253944","3927.25241084396","56.1920013427734","0.0970792685320058"
"0.281336104981308","3920.61659530281","56.2919998168945","0.0972133753161261"
"0.281835755875965","3918.59902285449","56.3919982910156","0.0973508828942935"
"0.282336983419075","3912.18406453674","56.492000579834","0.097490535447682"
"0.282841419258456","3908.00577957085","56.5919990539551","0.0976254213894681"
"0.283342665134687","3901.96008750534","56.6920013427734","0.0977632222975802"
"0.283832727806775","3896.61033718751","56.7919998168945","0.0978904449945594"
"0.284330783719857","3891.1394007988","56.8919982910156","0.0980263300914699"
"0.284828821299818","3886.42280379337","56.992000579834","0.0981592635558111"
"0.285346035324917","3881.20302114578","57.0919990539551","0.0982948644893376"
"0.28583450301543","3874.5715964043","57.1920013427734","0.0984224996815516"
"0.286351698707408","3870.32261956372","57.2919998168945","0.0985552131484343"
"0.286835381453197","3863.93751868373","57.3919982910156","0.0986785583902062"
"0.287349387182025","3860.47581222397","57.492000579834","0.0988060744171302"
"0.287844253131958","3852.19476404651","57.5919990539551","0.0989310513067199"
"0.288348670638218","3848.59518647711","57.6920013427734","0.0990527099013094"
"0.288841941606576","3841.4640887332","57.7919998168945","0.0991742493306089"
"0.289335194241813","3837.12422233946","57.8919982910156","0.0992898029957231"
"0.289833250154895","3830.55251247349","57.992000579834","0.0994116174218458"
"0.290329692753281","3824.31230798261","58.0919990539551","0.0995281977417666"
"0.290835723574237","3817.92237722298","58.1920013427734","0.0996521204768673"
"0.291328976209473","3811.91312879473","58.2919998168945","0.0997651075049648"
"0.291839791975153","3806.48390500288","58.3919982910156","0.0998824669825514"
"0.292321879739367","3799.85774922101","58.492000579834","0.0999933365351103"
"0.29284387870919","3794.63357577374","58.5919990539551","0.10011285932104"
"0.293338726326002","3786.75165128628","58.6920013427734","0.100223133047148"
"0.293851137073256","3782.2778655026","58.7919998168945","0.100334946755467"
"0.294339604763769","3772.90702084706","58.8919982910156","0.100443726332169"
"0.294839255658426","3768.8174300345","58.992000579834","0.100552496742311"
"0.295346881460956","3761.75878048515","59.0919990539551","0.100662862134027"
"0.295843324059342","3755.15677410146","59.1920013427734","0.100768140084514"
"0.296352563176568","3747.63138254719","59.2919998168945","0.100873555533412"
"0.296841030867081","3740.53848476041","59.3919982910156","0.100974396868484"
"0.297342258410191","3734.18060683837","59.492000579834","0.101076356523971"
"0.297830726100704","3727.11756648934","59.5919990539551","0.101175465379057"
"0.298351130088953","3720.95946995228","59.6920013427734","0.101280917494198"
"0.298836407816316","3712.66964017548","59.7919998168945","0.101376827219574"
"0.29934881856357","3706.91022824845","59.8919982910156","0.101476834397616"
"0.299837286254083","3698.9523429267","59.992000579834","0.101569086665244"
"0.300340127111889","3694.11587709028","60.0919990539551","0.101664336398244"
"0.300836569710275","3684.43460289809","60.1920013427734","0.101758669475167"
"0.301336220604932","3678.04555029839","60.2919998168945","0.101848217607366"
"0.301847036370612","3669.99392140368","60.3919982910156","0.101937206579358"
"0.302337099042699","3662.68872845286","60.492000579834","0.102022877256349"
"0.302839939900505","3654.67332365543","60.5919990539551","0.102111334567816"
"0.303334787517317","3646.64738093879","60.6920013427734","0.102196574416452"
"0.303848811579267","3639.31430641006","60.7919998168945","0.102281227605197"
"0.304340469232929","3630.8576262458","60.8919982910156","0.102356622567562"
"0.304854474961758","3623.52872297676","60.992000579834","0.102438690786169"
"0.305338157707547","3615.04767387433","61.0919990539551","0.102514140747898"
"0.30585375841795","3608.77673378576","61.1920013427734","0.102592542342196"
"0.306345434404734","3598.17734338258","61.2919998168945","0.1026608240534"
"0.306851465225689","3591.79290112254","61.3919982910156","0.102736136516717"
"0.307346312842501","3580.93511215879","61.492000579834","0.102799871613778"
"0.307834780533013","3573.656044466","61.5919990539551","0.102866384178752"
"0.308342424668665","3563.75523029031","61.6920013427734","0.102931585925536"
"0.30883565897078","3554.6247819167","61.7919998168945","0.102992396889709"
"0.309344879754885","3544.3103544121","61.8919982910156","0.103049990391051"
"0.309833347445398","3534.162118675","61.992000579834","0.103104586427019"
"0.310344181544199","3525.31312056024","62.0919990539551","0.10315909079738"
"0.310827845956866","3514.61361992459","62.1920013427734","0.103209525214758"
"0.311345059981966","3504.18942242824","62.2919998168945","0.103258272984952"
"0.311839907598777","3492.0929888776","62.3919982910156","0.103304674115589"
"0.312350741697578","3482.81830273484","62.492000579834","0.103346134469969"
"0.312843975999693","3469.50891077539","62.5919990539551","0.103381783224818"
"0.31334362689435","3458.91676519167","62.6920013427734","0.103420392778797"
"0.313849657715306","3443.52525602874","62.7919998168945","0.103447479965884"
"0.314341315368968","3430.10697223748","62.8919982910156","0.10347041470094"
"0.314852149467769","3414.0124960474","62.992000579834","0.103486969509697"
"0.315335813880436","3398.03920592821","63.0919990539551","0.103498574375637"
"0.315843458016088","3381.14538465823","63.1920013427734","0.103509675080734"
"0.316336692318203","3360.30950344459","63.2919998168945","0.103506145954836"
"0.316855519657999","3335.56690822464","63.3919982910156","0.103490269471576"
"0.317345563996965","3304.68334058635","63.492000579834","0.10345513404413"
"0.317984106620466","98.9643641121069","63.5740013122559","0.0875898706543399"
