"File Path: E:\Test Run 1 02-21-20 12 55 55 PM\DAQ- Crosshead, … - (Timed).csv   "
"Test: MTS EM Tension (Extensometer)_ASEN1022_cast 32"
"Test Run: Test Run 1"
"Date: 2/21/2020 12:51:31 PM"
""
""
"Crosshead ","Load ","Time ","Extensometer "
"in","lbf","sec","in"
"5.74670045932903E-05","26.4440129404762","0.194999992847443","2.51877958560289E-07"
"9.89709538470644E-05","27.1442545845534","0.294999986886978","5.72618986348263E-08"
"0.00015005273272386","27.3971732213212","0.395000010728836","7.88833215720864E-08"
"0.000194749294835882","27.706762331485","0.495000004768372","1.05152184422569E-06"
"0.000239445856947903","28.7292938168024","0.595000028610229","2.0529658113482E-06"
"0.000290527626872979","31.031256301562","0.694999992847443","4.98766704228234E-06"
"0.00034001312617581","34.0481335910146","0.795000016689301","8.41096627167229E-06"
"0.000383113363955269","37.1691517298257","0.894999980926514","1.17396195302116E-05"
"0.000426213601734728","40.4917727494186","0.995000004768372","1.51464582258781E-05"
"0.000482084326754053","44.6683940138734","1.09500002861023","2.11046007616532E-05"
"0.000547532854541242","50.0533221837423","1.19500005245209","2.58910023779129E-05"
"0.000601807273131443","54.6110031139255","1.29499995708466","3.18674657266213E-05"
"0.000651292736627396","58.7892812191933","1.39499998092651","3.64895003451782E-05"
"0.000711952309320336","63.9226817439086","1.49500000476837","3.95247061676382E-05"
"0.000778997179343526","69.7811610884902","1.59500002861023","4.51343235751457E-05"
"0.000826886372217234","73.8501700275974","1.69500005245209","4.69477584367383E-05"
"0.000869986609996692","77.8679712655542","1.79499995708466","5.12551647319007E-05"
"0.000924260956973138","82.5355491090383","1.89499998092651","5.36634637339418E-05"
"0.000984920601279834","87.9592638194289","1.99500000476837","5.38431113168407E-05"
"0.00103121345191754","92.2286510178474","2.09500002861023","5.79267693829597E-05"
"0.00107271741907475","95.9760132992599","2.1949999332428","5.87732350276934E-05"
"0.00111901026971246","100.004359317049","2.29500007629395","6.30058049477887E-05"
"0.00117966991401915","105.076823775095","2.39499998092651","6.72290024175616E-05"
"0.00123075171975111","109.630810258994","2.49499988555908","7.12997342007144E-05"
"0.00127385188591681","113.184202104363","2.59500002861023","7.46308301597138E-05"
"0.00132014473655452","116.975101908752","2.6949999332428","7.37082211888651E-05"
"0.00137920818185272","121.683054527326","2.79500007629395","7.7912096372085E-05"
"0.00143507879945142","126.276324947022","2.89499998092651","8.21537164806005E-05"
"0.00147817910884463","129.620522630617","2.99499988555908","8.22754688175967E-05"
"0.00152127927501033","132.764143096792","3.09500002861023","8.377762106096E-05"
"0.00157395735136453","136.862831097418","3.1949999332428","8.77805346171381E-05"
"0.00163461706728498","141.426298964354","3.29500007629395","9.04648240832575E-05"
"0.00168410245916718","145.238734268999","3.39499998092651","9.26810460398661E-05"
"0.00172879903918264","148.48815928597","3.49499988555908","9.4925510671515E-05"
"0.00178147711553684","152.548139643256","3.59500002861023","9.90475805660327E-05"
"0.00184532937270179","157.52052817195","3.6949999332428","0.000102259054697278"
"0.00189481490781149","160.542976288484","3.79500007629395","0.000105012138127798"
"0.00193631880335495","163.121487115891","3.89499998092651","0.00010644098474013"
"0.00198261165399266","166.542057271245","3.99499988555908","0.000106942486921994"
"0.00204007868544111","170.63052294139","4.09499979019165","0.000111128973390075"
"0.00209435303241755","174.517986035395","4.19500017166138","0.000112753191280617"
"0.00213585707118852","177.133557956266","4.29500007629395","0.000112675866327527"
"0.00217736096673198","179.665896780895","4.39499998092651","0.000114787550103749"
"0.00223003904308618","183.492862888198","4.49499988555908","0.000116623744712185"
"0.00228910234515687","187.637983595333","4.59499979019165","0.000119324469535316"
"0.00233539519579458","190.735582992467","4.69500017166138","0.000120438887000012"
"0.00237689923456555","193.099342552269","4.79500007629395","0.000121219485892624"
"0.00242319208520325","196.333646752876","4.89499998092651","0.0001254074852013"
"0.00248225538727395","200.472496849233","4.99499988555908","0.000128249450254792"
"0.0025333371930059","203.885561481402","5.09499979019165","0.00013164250106449"
"0.00257643750239912","206.448649624968","5.19500017166138","0.000132484061166935"
"0.00262113393918706","209.3041787478","5.29500007629395","0.00013234726098945"
"0.00267700470001327","213.291052290582","5.39499998092651","0.000136967834239797"
"0.00273926054332845","217.577570468338","5.49499988555908","0.000139730558672225"
"0.00278714980781592","220.474784745536","5.59499979019165","0.000142533118256453"
"0.00283184624460386","223.246408430926","5.69500017166138","0.000144425592325421"
"0.00288771700543007","227.17312801823","5.79500007629395","0.000147027633392722"
"0.00294837672135052","231.151837417876","5.89499998092651","0.000150451854089739"
"0.00299307315813847","233.557474229529","5.99499988555908","0.000153102923724773"
"0.00303298092628719","235.805975297995","6.09499979019165","0.000154940049312037"
"0.00308086990431963","238.940622067344","6.19500017166138","0.000156726633490973"
"0.00313993320639033","243.137458161842","6.29500007629395","0.000161225552873239"
"0.00319261142597204","246.383329375329","6.39499998092651","0.00016121230432837"
"0.00323411532151549","248.453865844674","6.49499988555908","0.000165106714092421"
"0.00327721563090871","250.964140900961","6.59499979019165","0.000170005918564101"
"0.00333308639173491","254.76868648745","6.69500017166138","0.000171206630604831"
"0.00339055327995585","258.564313262109","6.79500007629395","0.000174667311655394"
"0.0034352497167438","261.131833369092","6.89499998092651","0.000177603583073878"
"0.00347835002613701","263.42846857894","6.99499988555908","0.000175447847885969"
"0.00352943183186897","266.66978433777","7.09499979019165","0.000180511513348407"
"0.00358689900654493","270.742635226589","7.19500017166138","0.000184382039924816"
"0.00363478798457737","273.392976792346","7.29500007629395","0.000187959290266781"
"0.00367469575272609","275.273501405975","7.39499998092651","0.000190262889957484"
"0.00372258473075853","278.311029175125","7.49499988555908","0.000193111828400471"
"0.00378005190543449","282.16058045823","7.59499979019165","0.000196689114549315"
"0.00383751879365543","285.632056447258","7.69500017166138","0.000199530264996331"
"0.00388381164429313","287.952511745315","7.79500007629395","0.000199485667529754"
"0.0039317009087806","290.719621139794","7.89499998092651","0.00020217872072927"
"0.00399076421085129","294.447794254524","7.99499988555908","0.000204286510507507"
"0.00404982751292199","298.086010861017","8.09500026702881","0.000209854605364087"
"0.0040929278223152","299.850590920862","8.19499969482422","0.000210438794579025"
"0.00413443171785866","301.953043015308","8.29500007629395","0.000211544081289825"
"0.00418391710974085","305.109616340508","8.39500045776367","0.000215277485426847"
"0.00424138428441681","308.504116122823","8.49499988555908","0.000218742409592456"
"0.00428927326244925","311.121416921064","8.59500026702881","0.000221434657137216"
"0.00432918103059798","312.792500390438","8.69499969482422","0.000222870996338774"
"0.00437547388123568","315.215865055759","8.79500007629395","0.000227216984545005"
"0.00443294076945662","318.842171618147","8.89500045776367","0.000227473827281061"
"0.00449200407152731","322.231128015878","8.99499988555908","0.000231833923397234"
"0.00453510438092053","323.631930323071","9.09500026702881","0.00023393175886338"
"0.0045798011041635","325.742944476872","9.19499969482422","0.000234203157095352"
"0.00463247903729019","328.719110820636","9.29500007629395","0.000237248478360854"
"0.00468994621196615","332.268496061306","9.39500045776367","0.000238552779699703"
"0.0047346426487541","333.93691760838","9.49499988555908","0.000240258923727161"
"0.00477774295814731","335.756657089079","9.59500026702881","0.000244399935460153"
"0.00482722835002951","338.754118811241","9.69499969482422","0.000247092272522108"
"0.00488788806594996","342.069200004526","9.79500007629395","0.000251553916944352"
"0.00494056599907665","344.787379425184","9.89500045776367","0.0002532164123875"
"0.00498366659492489","346.418314520076","9.99499988555908","0.000255887909846446"
"0.00503474840065684","349.029221216298","10.0950002670288","0.00025827062483414"
"0.00509540754366725","352.568178307752","10.1949996948242","0.000263248908795933"
"0.00514808604970398","355.315529103717","10.2950000762939","0.000264827938406411"
"0.00519118607264217","356.645859076208","10.3950004577637","0.000267131931972772"
"0.00523268996818563","358.682613830592","10.4949998855591","0.000267627749812751"
"0.00528536790131232","361.750712542444","10.5950002670288","0.000270370485055523"
"0.0053428353624433","364.682120172072","10.6949996948242","0.0002759763024581"
"0.00538912821308101","366.59285897593","10.7950000762939","0.000277427787969061"
"0.00543063210862447","367.858177670808","10.8950004577637","0.000279571563659711"
"0.00547852108665691","370.792741187698","10.9949998855591","0.00028166155741957"
"0.00553598797487784","373.997338884289","11.0950002670288","0.000285608460066802"
"0.0055870697806098","376.125724139285","11.1949996948242","0.000287272960695119"
"0.00563017037645804","377.609841870215","11.2950000762939","0.000288880564194259"
"0.00567646322709574","379.819017839137","11.3950004577637","0.000289347324752722"
"0.00573073728761716","383.000014987502","11.4949998855591","0.000296773420606454"
"0.0057882041758381","385.854199427935","11.5950002670288","0.000297467393709409"
"0.00583290089908107","387.203217741521","11.6949996948242","0.000298711682720693"
"0.00587759762232405","389.064560049092","11.7950000762939","0.000302411249357983"
"0.00593027555545073","392.047998654808","11.8950004577637","0.000304234786235038"
"0.00598933914397645","394.962391935715","11.9949998855591","0.000308496735698551"
"0.00603882424940362","397.048378531399","12.0950002670288","0.000311886071544654"
"0.00608671380034611","398.466304957304","12.1949996948242","0.000316256121972917"
"0.00613779560607807","401.299770311795","12.2950000762939","0.000315987069091455"
"0.00619845474908847","404.479066025287","12.3950004577637","0.000320466366304565"
"0.00624794042742569","406.278690154999","12.4949998855591","0.00032267504196163"
"0.00628784819557442","407.363382328455","12.5950002670288","0.000322982264975064"
"0.00633254491881739","409.544018099523","12.6949996948242","0.000326743491056309"
"0.00638681897933881","412.80945581404","12.7950000762939","0.000327442333894675"
"0.00644268974016501","415.128127349731","12.8950004577637","0.000333128000635243"
"0.0064857897631032","416.725417942153","12.9949998855591","0.000332350024596447"
"0.00652889035895144","417.998036341482","13.0950002670288","0.000335302158461895"
"0.0065799721646834","420.735590165683","13.1949996948242","0.000337797503984409"
"0.00663903518029907","423.870099722543","13.2950000762939","0.000340092939706923"
"0.00668852085863629","425.32924478035","13.3950004577637","0.000340622666660388"
"0.00673162088157448","426.984384158422","13.4949998855591","0.000343375427829006"
"0.00677951043251697","429.16276964466","13.5950002670288","0.00034731522281095"
"0.00683538119334317","431.770712551104","13.6949996948242","0.000351904876822125"
"0.00688646299907512","434.124510484155","13.7950000762939","0.000350101248569251"
"0.00692956302201331","435.515378607094","13.8950004577637","0.000352991543956354"
"0.00697425974525629","437.259047483512","13.9949998855591","0.000354954405395794"
"0.00702853380577771","440.107386671885","14.0950002670288","0.000359737523968926"
"0.00708919352169816","443.102049259257","14.1949996948242","0.000362197671330343"
"0.00714027532743011","444.58811540754","14.2950000762939","0.000363356704165055"
"0.00718656817806782","446.229780519126","14.3950004577637","0.000367787769513469"
"0.00724084281149929","448.867059455865","14.4949998855591","0.000368779226159035"
"0.00729990582711496","451.805217939986","14.5950002670288","0.000372572678430501"
"0.00734619867775267","453.08694724863","14.6949996948242","0.00037324176575323"
"0.00738770257329612","454.471613367036","14.7950000762939","0.000374001766739259"
"0.00743559212423861","456.889736515251","14.8950004577637","0.000376075307238667"
"0.00749146231215477","459.770896931156","14.9949998855591","0.000380735214344523"
"0.0075441408181915","462.056911894302","15.0950002670288","0.000382315622519804"
"0.00758564471373496","463.071790353007","15.1949996948242","0.000381157198402019"
"0.00763034143697793","464.913730814537","15.2950000762939","0.000383603416887886"
"0.00768142324270989","467.457430833311","15.3950004577637","0.000386811963806853"
"0.00773889013093082","470.386917488083","15.4949998855591","0.000390281650287239"
"0.00778677910896326","471.764805309499","15.5950002670288","0.000391833699415126"
"0.00782987913190145","473.13078308681","15.6949996948242","0.000393471076333342"
"0.00787936481023867","475.567567133622","15.7950000762939","0.000398038816535167"
"0.00793683169845961","478.4996333832","15.8950004577637","0.000398364301056392"
"0.00798631737679683","480.154031813829","15.9949998855591","0.00040169161938976"
"0.00802941739973502","481.347835359083","16.0949993133545","0.000404106614277991"
"0.00807571025037273","483.22599991789","16.1949996948242","0.000404457700717003"
"0.00813158101119893","486.514873525644","16.2950000762939","0.000407763427502923"
"0.00818904789941987","488.796333034133","16.3950004577637","0.000411504422698086"
"0.00823534132296762","490.086843942117","16.4950008392334","0.00041160321387455"
"0.00828323030100006","492.014185457227","16.5949993133545","0.000414073029093034"
"0.00833910106182626","494.710685304514","16.6949996948242","0.000416107325254129"
"0.00839816407744193","497.209763821643","16.7950000762939","0.000418199556943865"
"0.00844445692807964","498.506531619157","16.8950004577637","0.000419779034140318"
"0.0084859608236231","499.689193510249","16.9950008392334","0.000421223877475406"
"0.00853544650196032","502.212092115587","17.0949993133545","0.000426300755675834"
"0.00859131726278652","504.750029209794","17.1949996948242","0.000427894197554716"
"0.00864239906851848","506.509916602492","17.2950000762939","0.000430289713501303"
"0.00868549909145667","507.932096615578","17.3950004577637","0.000429097451883786"
"0.00873179194209437","509.639019987258","17.4950008392334","0.000432220169716133"
"0.00878606657552584","512.361096242623","17.5949993133545","0.000434312186564601"
"0.00884034063604726","514.860229644747","17.6949996948242","0.0004385867042423"
"0.00888663348668497","515.883176197846","17.7950000762939","0.000439825407380612"
"0.00892973408253321","517.338177438465","17.8950004577637","0.00044196540544563"
"0.00898081588826516","520.220078801814","17.9950008392334","0.000443846770430691"
"0.00903668664909137","522.687543561319","18.0949993133545","0.000447295438273678"
"0.00908457562712381","523.893202265682","18.1949996948242","0.000449389281272925"
"0.009127675650062","525.188103973337","18.2950000762939","0.000451548400210807"
"0.00917556520100448","527.711002578675","18.3950004577637","0.000451080583349442"
"0.00923462821662015","530.209477360849","18.4950008392334","0.000456068481457984"
"0.00929049897744636","532.32501952681","18.5949993133545","0.000456839833224346"
"0.00933679182808406","533.432324318567","18.6949996948242","0.000457570186115372"
"0.00938468137902655","535.226844143662","18.7950000762939","0.000459963195580498"
"0.00944214826724749","538.059349010725","18.8950004577637","0.000462768306404785"
"0.00949642232776891","539.97132272699","18.9950008392334","0.000465398930312468"
"0.00953952292361715","541.018254023286","19.0949993133545","0.000465715928603602"
"0.00958262294655534","542.609424938667","19.1949996948242","0.000469474111100215"
"0.00963370475228729","545.132982163956","19.2950000762939","0.00047366992526002"
"0.00969117221341828","547.952369517005","19.3950004577637","0.000474533193282266"
"0.0097406567459354","549.319005914266","19.4950008392334","0.000472099543010585"
"0.00978375791469369","550.178395179661","19.5949993133545","0.000476393432209294"
"0.00983164631981608","552.066878117692","19.6949996948242","0.000480189569996611"
"0.00988751765355233","555.109592518952","19.7950000762939","0.0004818263381979"
"0.00994019558667902","556.778425703495","19.8950004577637","0.000484269441485379"
"0.00998489173701194","558.056148407441","19.9950008392334","0.000483982950654321"
"0.0100311851605597","559.630579399081","20.0949993133545","0.000485781852399296"
"0.0100838630936864","562.240306067892","20.1949996948242","0.000489648995225732"
"0.0101381371542078","564.548549454367","20.2950000762939","0.000488518249824658"
"0.0101844305777556","565.799872475297","20.3950004577637","0.000493857055337821"
"0.0102275306006938","566.748724283966","20.4950008392334","0.00049293538629752"
"0.010277016279031","569.163609217424","20.5949993133545","0.000495476313975757"
"0.0103344825943419","572.195511274497","20.6949996948242","0.000498177405819389"
"0.0103887578006834","573.978285710475","20.7950000762939","0.000497490056988868"
"0.0104334539510163","574.941517388062","20.8950004577637","0.000500440901806706"
"0.0104845357567483","576.89229479641","20.9950008392334","0.000501091763428522"
"0.0105451954726687","579.650101184089","21.0949993133545","0.000504446545637334"
"0.0105962772784007","581.442590264336","21.1949996948242","0.000509234963628412"
"0.0106393773013389","582.308949924207","21.2950000762939","0.000508391819071615"
"0.0106840734516718","583.897431474791","21.3950004577637","0.000509650717289132"
"0.0107367525306186","586.538387706254","21.4950008392334","0.000512243493326745"
"0.0107926227185347","588.917871817373","21.5949993133545","0.000514589953850441"
"0.0108373188688676","590.010632085223","21.6949996948242","0.000514018476077201"
"0.0108804200376259","591.033578638322","21.7950000762939","0.000518013628492568"
"0.0109299045701431","592.967671007924","21.8950004577637","0.000519023382452804"
"0.010987372031274","596.181901021291","21.9950008392334","0.000522582371286978"
"0.0110400499644007","597.750514203368","22.0949993133545","0.00052514800571105"
"0.0110831499873389","598.742780043773","22.1949996948242","0.000524250398892781"
"0.0111294434108867","600.335432854044","22.2950000762939","0.000529019624397239"
"0.0111853135988028","603.373975995617","22.3950004577637","0.000529912397286976"
"0.0112379915319295","605.537487647973","22.4950008392334","0.000529930945249791"
"0.0112826888280825","606.494846631002","22.5949993133545","0.000531050805359947"
"0.0113273849784155","608.036236855126","22.6949996948242","0.000534889445911477"
"0.0113800629115421","610.166213775002","22.7950000762939","0.000534898254403471"
"0.0114391265000679","612.960902879908","22.8950004577637","0.000540909871154677"
"0.0114886121784051","614.505202008814","22.9950008392334","0.000543452410142425"
"0.0115349044561327","615.763001459257","23.0949993133545","0.000542703545095461"
"0.0115859862618647","618.149181539873","23.1949996948242","0.000543453269507498"
"0.0116450498503904","620.73860076021","23.2950000762939","0.000545651596976815"
"0.0116945355287276","622.040143552365","23.3950004577637","0.000548188729125981"
"0.0117360394242711","622.991190760869","23.4950008392334","0.000548981779860424"
"0.0117823317019988","624.682636563713","23.5949993133545","0.000552085842309322"
"0.0118366069083403","627.507292876365","23.6949996948242","0.000554370643389063"
"0.0118924770962564","629.848467260365","23.7950000762939","0.000555237205644087"
"0.0119371743924094","630.848087690217","23.8950004577637","0.000555891826988095"
"0.0119802744153476","631.965710861198","23.9950008392334","0.000557904603215499"
"0.0120313562210796","634.364075410898","24.0949993133545","0.000560453730668803"
"0.0120888225363905","637.084889311358","24.1949996948242","0.000562339177637959"
"0.012136712087333","638.348122376393","24.2950000762939","0.000563296940011306"
"0.0121798121102712","639.301200329744","24.3950004577637","0.000563344885420978"
"0.0122277016612136","641.148190210894","24.4950008392334","0.000568293109508671"
"0.0122851691223446","643.962308604339","24.5949993133545","0.000567839472171004"
"0.0123378470554713","645.873019965699","24.6949996948242","0.000571542512075462"
"0.0123825432058042","646.562485283868","24.7950000762939","0.000573099681586907"
"0.0124272393561372","648.056454871557","24.8950004577637","0.000576990277918448"
"0.0124847068172682","650.930836990472","24.9950008392334","0.000575825659210764"
"0.0125405770051843","653.208289894261","25.0949993133545","0.000578552997495986"
"0.0125900626835215","654.583598120871","25.1949996948242","0.000579824642962079"
"0.0126363561070693","655.867852139325","25.2950000762939","0.00057956117595359"
"0.0126906301675907","658.367589276405","25.3950004577637","0.000582151373895985"
"0.0127480976287217","661.146142192523","25.4950008392334","0.000586192072660197"
"0.0127943899064493","661.874905167738","25.5949993133545","0.000586964999929191"
"0.0128358938019928","662.922879278955","25.6949996948242","0.000587988145661808"
"0.0128821872255406","664.91772933899","25.7950000762939","0.000589294058310169"
"0.0129380574134567","668.11966511328","25.8950004577637","0.000592736567370135"
"0.0129907353465834","669.816270105736","25.9950008392334","0.000593962988749286"
"0.0130338353695216","670.662212547141","26.0949993133545","0.000594430769803772"
"0.0130785326656746","672.213756495502","26.1949996948242","0.000595049942338539"
"0.013132806726196","674.752846174623","26.2950000762939","0.000597384013682439"
"0.013190274187327","677.435624772942","26.3950004577637","0.000598819045932949"
"0.0132381625924494","678.452094896527","26.4950008392334","0.000601195190358526"
"0.0132796664879929","679.621968583581","26.5949993133545","0.000600981136841707"
"0.0133291521663301","681.723130880623","26.6949996948242","0.000603520847086091"
"0.0133866196274611","684.403439654128","26.7950000762939","0.000606491815369378"
"0.0134345091784036","685.89417102706","26.8950004577637","0.000608810024266315"
"0.0134776092013418","686.955043112308","26.9950008392334","0.000611254774670183"
"0.0135239014790694","688.682383702453","27.0949993133545","0.000609101921935954"
"0.0135813689402004","691.545514397213","27.1949996948242","0.00061359740385793"
"0.0136404325287261","694.203869172368","27.2950000762939","0.000616879032614942"
"0.0136883209338485","695.205849657043","27.3950004577637","0.000615862117279101"
"0.013736210484791","696.482255121088","27.4950008392334","0.000616661111955296"
"0.013793677945922","699.545551395801","27.5949993133545","0.000618257669032566"
"0.0138479520064434","701.622125214692","27.6949996948242","0.000623436704255993"
"0.0138926481567763","702.565762948752","27.7950000762939","0.00062335706975927"
"0.0139357481797145","703.757206439184","27.8950004577637","0.000622230800217949"
"0.0139852338580517","705.750739259318","27.9950008392334","0.000626135182197528"
"0.014041105191788","708.330663375369","28.0949993133545","0.000627969711786136"
"0.0140905897243051","710.173591766825","28.1949996948242","0.000631051896232562"
"0.0141336908930634","711.07672437393","28.2950000762939","0.000630721756817194"
"0.0141783870433963","712.449453005734","28.3950004577637","0.000632354120772486"
"0.0142326611039177","715.205338418557","28.4950008392334","0.000634529818294893"
"0.014288532437654","717.222032706949","28.5949993133545","0.000637886641495751"
"0.0143332285879869","718.630875666038","28.6949996948242","0.000637266824437181"
"0.0143779258841399","719.937961842776","28.7950000762939","0.000637668935677374"
"0.0144306038172666","722.33188070781","28.8950004577637","0.000638493066781941"
"0.0144880701325775","725.296054679975","28.9950008392334","0.000642383054396556"
"0.0145343635561253","726.490571730175","29.0949993133545","0.000645110750750558"
"0.0145774635790635","727.353363865314","29.1949996948242","0.000643806377797952"
"0.0146237558567911","729.236522958745","29.2950000762939","0.000646319590952599"
"0.0146844155727116","732.362113703775","29.3950004577637","0.000647872606866194"
"0.0147386907790531","734.453835781527","29.4950008392334","0.000651078181814285"
"0.0147849830567807","735.477331184585","29.5949993133545","0.000652663065849319"
"0.0148328726077232","737.067953250008","29.6949996948242","0.000651099379486074"
"0.0148935323236437","740.074882633958","29.7950000762939","0.000656269033307459"
"0.0149494025115598","742.171489476343","29.8950004577637","0.000656839150419334"
"0.014992502534498","742.73554257894","29.9950008392334","0.000658291978688221"
"0.0150356037032563","744.272432233402","30.0949993133545","0.000657225435019441"
"0.015088281636383","746.870742823071","30.1949996948242","0.000658562249003536"
"0.0151425556969044","749.421358351325","30.2950000762939","0.000662699662145286"
"0.0151904452478469","750.796721462931","30.3950004577637","0.000662587944685856"
"0.0152335452707851","752.075212556819","30.4950008392334","0.000662649460902298"
"0.0152814348217276","753.850138438386","30.5949993133545","0.00066659509240536"
"0.0153389011370385","756.810854655811","30.6949996948242","0.000668758973658019"
"0.0153915790701652","758.818986884847","30.7950000762939","0.000670789939779458"
"0.0154346802389235","759.803294400851","30.8950004577637","0.000671038869195471"
"0.0154793763892564","761.117186317077","30.9950008392334","0.00067180248667618"
"0.0155320543223831","763.924828281009","31.0949993133545","0.00067594806378612"
"0.0155879245102992","766.588836210739","31.1949996948242","0.00067608133698612"
"0.0156326218064522","767.650257145945","31.2950000762939","0.000678228317392352"
"0.0156757218293904","768.574849786438","31.3950004577637","0.0006801012319542"
"0.0157268036351224","770.872829678685","31.4950008392334","0.000680632247955274"
"0.0157890594784376","774.319826959552","31.5949993133545","0.000685456723472521"
"0.0158417374115643","776.056388229004","31.6949996948242","0.00068654954938977"
"0.0158864347077173","776.832626725649","31.7950000762939","0.000686140921297776"
"0.0159375165134492","778.873909492193","31.8950004577637","0.000685230352389663"
"0.0159949828287601","781.908336259077","31.9950008392334","0.000689143328019968"
"0.0160460646344921","783.5388597165","32.0950012207031","0.000691805855855969"
"0.0160875685300355","784.369105049085","32.1949996948242","0.000693794713088854"
"0.0161322658261886","785.952811605028","32.2949981689453","0.000692036308922922"
"0.01618653988671","788.794811576377","32.3950004577637","0.000693972530045114"
"0.0162424100746261","791.451355146668","32.4949989318848","0.000697032370999654"
"0.0162887034981739","792.969419247546","32.5950012207031","0.000695853536961395"
"0.0163318035211121","793.930016445332","32.6949996948242","0.000699539998281329"
"0.016382885326844","796.101486422089","32.7949981689453","0.000700591431447583"
"0.016440352787975","799.110062355916","32.8950004577637","0.000701095807131409"
"0.0164898373204921","800.711222340547","32.9949989318848","0.000703286328701317"
"0.0165345346166452","801.746243592738","33.0950012207031","0.000705587421910559"
"0.0165808268943728","803.382914169699","33.1949996948242","0.000706248560106367"
"0.0166366982281091","806.403455032626","33.2949981689453","0.000709696547618671"
"0.0166893761612358","808.452696123572","33.3950004577637","0.000710876885545807"
"0.016732476184174","809.425807100417","33.4949989318848","0.000712396314607816"
"0.0167755762071121","810.533660742133","33.5950012207031","0.000714971831730222"
"0.0168266580128441","813.160566414652","33.6949996948242","0.000715658034740647"
"0.0168873177287645","816.769584203339","33.7949981689453","0.000717645602925923"
"0.0169383995344965","818.21591361461","33.8950004577637","0.000722606216193411"
"0.0169830956848294","819.069210645462","33.9949989318848","0.000722938217566437"
"0.0170373708911709","821.615106064071","34.0950012207031","0.000725429803366758"
"0.0170980306070914","824.789050490466","34.1949996948242","0.000724364906814367"
"0.0171459190122138","825.87577340877","34.2949981689453","0.000726929252190831"
"0.0171874229077572","827.032968661777","34.3950004577637","0.00072773125464478"
"0.017233716331305","828.456081719793","34.4949989318848","0.000728800806091314"
"0.0172879903918264","831.400222668463","34.5950012207031","0.000730299682005338"
"0.0173406683249531","833.802648707858","34.6949996948242","0.000734044436922693"
"0.0173853656211061","834.754134996329","34.7949981689453","0.000733929067161704"
"0.0174284656440443","835.959409505721","34.8950004577637","0.000733902784913236"
"0.0174795474497763","838.224238860459","34.9949989318848","0.000738063687366969"
"0.0175402071656967","841.636713478922","35.0950012207031","0.000738953273444561"
"0.0175896928440339","843.321243772286","35.1949996948242","0.000741280648902271"
"0.0176327928669721","843.938151125909","35.2949981689453","0.000739861980395018"
"0.0176806812720945","846.08854526425","35.3950004577637","0.00074498043038083"
"0.0177381487332255","849.411721994426","35.4949989318848","0.000746761464493672"
"0.0177876344115627","851.081872418871","35.5950012207031","0.000749589133651113"
"0.0178307344345009","852.276663894051","35.6949996948242","0.00074971123510517"
"0.0178754305848338","853.68616547309","35.7949981689453","0.000751085646311188"
"0.0179313019185701","856.762743916804","35.8950004577637","0.000752874414709683"
"0.0179919616344906","859.878400477581","35.9949989318848","0.00075476852694332"
"0.0180398500396129","860.971874250378","36.0950012207031","0.000755517320376528"
"0.018084547335766","862.104755450212","36.1949996948242","0.000757401836366855"
"0.0181388213962874","864.687368931061","36.2949981689453","0.000762545637622307"
"0.0181978849848131","867.749457735865","36.3950004577637","0.000763072786480555"
"0.018242581135146","868.863129187143","36.4949989318848","0.000763586758407691"
"0.0182856811580842","869.612638690798","36.5950012207031","0.000764814576255084"
"0.018331974581632","871.800574166317","36.6949996948242","0.000766592316135148"
"0.018389442042763","875.200315465737","36.7949981689453","0.000771818186755028"
"0.0184421199758896","876.967557447883","36.8950004577637","0.000769710522300864"
"0.0184852199988278","878.119648396273","36.9949989318848","0.000770147079757715"
"0.018528320021766","879.521960040852","37.0950012207031","0.0007722123488683"
"0.0185825940822874","882.080149698537","37.1949996948242","0.000774007204436059"
"0.0186400615434184","884.891578727184","37.2949981689453","0.000776308655714081"
"0.0186847576937514","886.270728903505","37.3950004577637","0.000778618700642828"
"0.0187278588625096","887.358878831702","37.4949989318848","0.00078073309679006"
"0.0187773433950268","889.485562651826","37.5950012207031","0.000780371948618324"
"0.0188364069835525","892.828004015554","37.6949996948242","0.000783336328436056"
"0.0188858926618897","894.751393810961","37.7949981689453","0.000786248286984362"
"0.0189273965574332","895.213360821232","37.8950004577637","0.000785338935510101"
"0.0189752861083757","897.161174439802","37.9949989318848","0.00078826371292074"
"0.0190343485510813","900.476722155552","38.0950012207031","0.000791158126098815"
"0.0190902198848175","902.903901328086","38.1949996948242","0.000795026486359104"
"0.01913810943576","904.127891621071","38.2949981689453","0.000796223008995106"
"0.0191844017134877","905.631795393013","38.3950004577637","0.000794142629381995"
"0.0192434641561933","908.509141301705","38.4949989318848","0.000800578772479038"
"0.0193009316173243","911.077155373651","38.5950012207031","0.000802464863971998"
"0.0193440327860826","912.022604312576","38.6949996948242","0.000802955418200907"
"0.0193839394084112","912.929304444414","38.7949981689453","0.000803714524014985"
"0.0194318301051738","914.949017407579","38.8950004577637","0.000805035296517725"
"0.0194892952746646","918.386739124144","38.9949989318848","0.000808860115614338"
"0.0195403782262166","920.436364410061","39.0950012207031","0.000808307185803914"
"0.0195818821217601","921.370122844865","39.1949996948242","0.000810573474727718"
"0.019626578272093","922.966398064863","39.2949981689453","0.00081022829642358"
"0.019684045733224","926.056313562575","39.3950004577637","0.000814970559348888"
"0.019741513194355","928.800673126264","39.4949989318848","0.000816885081502998"
"0.0197862093446879","929.717472097343","39.5950012207031","0.000817138737426909"
"0.0198277132402314","930.802109385804","39.6949996948242","0.00081935310637758"
"0.0198787939001432","933.10793783246","39.7949981689453","0.000820556790389187"
"0.0199362613612742","936.204878609644","39.8950004577637","0.000823176994495365"
"0.0199825547848219","937.770967081911","39.9949989318848","0.000825495704688594"
"0.0200240586803654","938.677337903774","40.0950012207031","0.000827295000309227"
"0.0200735443587026","940.685140822835","40.1949996948242","0.000829805134072365"
"0.0201326068014083","944.170777140798","40.2949981689453","0.000831390949086227"
"0.0201916715357541","946.633247365678","40.3950004577637","0.000833541653407774"
"0.0202379626676616","947.700760535427","40.4949989318848","0.000834559284881175"
"0.0202874483459988","949.481229801578","40.5950012207031","0.000838058619456564"
"0.0203481080619193","952.84436280875","40.6949996948242","0.0008410497112053"
"0.020400785995046","954.952715040252","40.7949981689453","0.000840092450128245"
"0.0204422898905894","955.720775672512","40.8950004577637","0.000843234646902236"
"0.0204853910593477","957.047675332761","40.9949989318848","0.000841444804297401"
"0.0205364717192596","959.681935594727","41.0950012207031","0.000846206904233133"
"0.0205939391803906","962.942543429607","41.1949996948242","0.00084820929646591"
"0.0206418298771532","964.441013586958","41.2949981689453","0.000849111128495786"
"0.0206817364994818","965.256494855653","41.3950004577637","0.000849266745187672"
"0.0207280299230295","967.305132211644","41.4949989318848","0.00085116501101916"
"0.0207854973841605","970.585718185022","41.5950012207031","0.00085622194478853"
"0.0208381753172872","972.916574189797","41.6949996948242","0.000857118477400458"
"0.0208828714676201","973.717565819581","41.7949981689453","0.000856331513835279"
"0.0209259703447382","975.140294682626","41.8950004577637","0.00085963613060798"
"0.0209818428242946","978.216049851402","41.9949989318848","0.0008596357725392"
"0.0210377130122107","981.233626924552","42.0950012207031","0.000864115929117382"
"0.0210840064357585","982.505751358919","42.1949996948242","0.000863700640946077"
"0.0211255103313019","983.271506821352","42.2949981689453","0.000865487690614426"
"0.0211765909912138","985.747259215234","42.3950004577637","0.000868590571436349"
"0.0212356534339194","989.219503594204","42.4949989318848","0.000870551928986913"
"0.0212883336586863","990.877579319556","42.5950012207031","0.000875908279870307"
"0.0213330298090192","992.149264673956","42.6949996948242","0.000874874392074284"
"0.0213841104689311","994.163653792521","42.7949981689453","0.000875463988127803"
"0.0214463674580664","997.493636262186","42.8950004577637","0.000881781538844835"
"0.0214990453911931","999.484315062534","42.9949989318848","0.00088148247979959"
"0.0215405492867365","1000.17806141038","43.0950012207031","0.000881105146918989"
"0.0215836481638546","1001.56456617615","43.1949996948242","0.000880115229969177"
"0.021639520643411","1004.64745639439","43.2949981689453","0.000884846034693517"
"0.0216937935581123","1007.4340774049","43.3950004577637","0.000889147156881586"
"0.0217384897084452","1008.62508181537","43.4949989318848","0.000887789574908239"
"0.0217799958956289","1009.68644786558","43.5950012207031","0.000887232706341233"
"0.0218294792823259","1011.9794332232","43.6949996948242","0.000890438496130592"
"0.0218901389982463","1015.36989895832","43.7949981689453","0.000892276391565734"
"0.0219412219497984","1017.34630765974","43.8950004577637","0.000897857251574329"
"0.021981128572127","1018.06991144534","43.9949989318848","0.000897857179960573"
"0.0220258247224599","1019.50449546749","44.0950012207031","0.000899352045504259"
"0.0220800999288015","1022.69781429743","44.1949996948242","0.000902969184708342"
"0.0221359701167176","1025.71012241098","44.2949981689453","0.000905118170299743"
"0.0221790712854759","1026.66127938947","44.3950004577637","0.000906187435291253"
"0.0222221724542342","1027.904644086","44.4949989318848","0.000907840567235798"
"0.0222764453689355","1030.42364585663","44.5950012207031","0.000909507807090285"
"0.022337105084856","1034.04023777475","44.6949996948242","0.000914991916914463"
"0.022388188036408","1035.92026842342","44.7949981689453","0.000915403696011723"
"0.0224344791683156","1036.74584853135","44.8950004577637","0.000916259193941437"
"0.0224871571014423","1038.99569428222","44.9949989318848","0.000918493829585069"
"0.0225478168173627","1042.44807029268","45.0950012207031","0.000921661664083725"
"0.0225941102409105","1043.96059100898","45.1949996948242","0.00091913011780753"
"0.0226356141364539","1044.73611600067","45.2949981689453","0.000922060767546164"
"0.0226819075600017","1046.24150166751","45.3950004577637","0.000924913501518221"
"0.0227361827663432","1049.46171414542","45.4949989318848","0.000926731201874158"
"0.022793647935834","1052.39674418478","45.5950012207031","0.000929404256932298"
"0.0228367491045923","1053.73824325393","45.6949996948242","0.000930862599460401"
"0.0228798502733506","1054.61321985815","45.7949981689453","0.000932943480369804"
"0.0229325282064772","1057.59446306403","45.8950004577637","0.000934982324004408"
"0.0229915906491829","1060.93333690303","45.9949989318848","0.000938394504638689"
"0.0230394790543053","1062.28427619147","46.0950012207031","0.000940291409808812"
"0.0230825802230635","1063.42994559534","46.1949996948242","0.00093911952230489"
"0.0231304686281859","1065.27353260675","46.2949981689453","0.000943168993754217"
"0.0231879360893169","1068.58704957765","46.3950004577637","0.000945874131775065"
"0.023239019040869","1070.763898284","46.4949989318848","0.000948255718846101"
"0.0232805229364124","1071.72230008195","46.5950012207031","0.000946991377983125"
"0.0233236218135305","1073.15710364409","46.6949996948242","0.00094937425410177"
"0.023377897019872","1075.98664472138","46.7949981689453","0.000952824891323048"
"0.0234385567357925","1079.58710045071","46.8950004577637","0.000954865954984089"
"0.0234880424141297","1081.07294705901","46.9949989318848","0.000956831466132504"
"0.0235343358376775","1082.43727828644","47.0950012207031","0.000957822314061144"
"0.0235918010071683","1085.0410224907","47.1949996948242","0.000961150491759584"
"0.0236524607230887","1088.42786581609","47.2949981689453","0.000964317896575704"
"0.0236971568734216","1089.5970259982","47.3950004577637","0.000963998427609986"
"0.0237370657873905","1090.11942138893","47.4949989318848","0.000962701144419229"
"0.0237833592109382","1092.22985925027","47.5950012207031","0.000966737653778712"
"0.023840824380429","1095.52460555259","47.6949996948242","0.00096601012963105"
"0.0238919073319811","1097.8788425656","47.7949981689453","0.000970264774491446"
"0.0239334112275245","1098.72560828195","47.8950004577637","0.00097192227487511"
"0.0239765123962828","1100.28862319445","47.9949989318848","0.00097277984960375"
"0.0240307853109841","1103.25526699142","48.0950012207031","0.000978011091255334"
"0.0240898500453299","1106.27899118411","48.1949996948242","0.000981921345562909"
"0.0241377384504523","1107.83223656735","48.2949981689453","0.000979920815287789"
"0.0241808396192106","1108.95452496298","48.3950004577637","0.000980352861078009"
"0.0242303230059076","1111.25969478968","48.4949989318848","0.000983337507588701"
"0.0242893877402535","1114.60317896833","48.5950012207031","0.00098755498490971"
"0.0243372761453759","1116.16707204076","48.6949996948242","0.000987896797367313"
"0.0243787800409193","1117.16224678595","48.7949981689453","0.000987671643718307"
"0.0244250734644671","1118.95951086084","48.8950004577637","0.000990561545229752"
"0.0244857331803875","1122.33998752671","48.9949989318848","0.000995370194106913"
"0.0245416033683037","1125.17150446384","49.0950012207031","0.000996896211634478"
"0.0245878967918514","1126.51673571272","49.1949996948242","0.000997660258797723"
"0.0246341902153992","1127.81103368541","49.2949981689453","0.000999179043335928"
"0.02469165538489","1130.75594302403","49.3950004577637","0.00100385592290197"
"0.024749122846021","1133.76912929751","49.4949989318848","0.00100516430622491"
"0.0247922240147792","1134.72357937576","49.5950012207031","0.00100569618159106"
"0.0248337279103227","1135.56068533283","49.6949996948242","0.0010077070958608"
"0.0248832135886599","1138.20208064426","49.7949981689453","0.00100999594311776"
"0.0249422760313655","1141.624050367","49.8950004577637","0.0010145424856478"
"0.0249917617097028","1143.50550802556","49.9949989318848","0.00101573449661717"
"0.0250332656052462","1144.42494147644","50.0950012207031","0.00101625262214216"
"0.0250779617555791","1146.02220462637","50.1949996948242","0.00101710410970153"
"0.0251354292167101","1149.24823491385","50.2949981689453","0.00102164298955967"
"0.0251912994046263","1152.0636156622","50.3950004577637","0.00102298624878181"
"0.0252344005733846","1153.07789038595","50.4949989318848","0.00102428754234291"
"0.0252774994505027","1154.47701870077","50.5950012207031","0.00102697764147498"
"0.0253301796752696","1156.96243085392","50.6949996948242","0.00102516846315602"
"0.0253876448447603","1160.07287334009","50.7949981689453","0.00103156915744382"
"0.0254355355415229","1161.85575754606","50.8950004577637","0.00103218231442307"
"0.0254770394370664","1162.78221627641","50.9949989318848","0.0010323709450565"
"0.0255265251154036","1165.09913149224","51.0950012207031","0.00103630669386122"
"0.0255871848313241","1168.80847905338","51.1949996948242","0.00104031262414688"
"0.0256430550192402","1171.17237582567","51.2949981689453","0.00104385177597063"
"0.0256877511695731","1172.38500492451","51.3950004577637","0.00104383838419824"
"0.025738831829485","1174.28567233163","51.4949989318848","0.00104397867554634"
"0.0258010888186203","1178.0492462687","51.5950012207031","0.00104860743066831"
"0.0258521694785321","1180.10117672444","51.6949996948242","0.00105179008921447"
"0.025892078392501","1180.59645892721","51.7949981689453","0.00105147685064553"
"0.0259335822880444","1181.64004223875","51.8950004577637","0.0010507585646724"
"0.0259846629479563","1184.43302990879","51.9949989318848","0.00105301260764392"
"0.0260421304090873","1187.92942368594","52.0950012207031","0.0010573801873976"
"0.026088423832635","1189.74260440963","52.1949996948242","0.00105819114157105"
"0.0261315250013933","1190.6036402249","52.2949981689453","0.00105952466132237"
"0.0261778161333009","1192.62494485295","52.3950004577637","0.00106263900034526"
"0.0262384758492213","1196.3395613737","52.4949989318848","0.00106480051834397"
"0.0262927510555628","1198.85175740484","52.5950012207031","0.00106812325339695"
"0.0263358522243211","1199.69457140148","52.6949996948242","0.00106664521708593"
"0.0263789511014392","1201.4009459232","52.7949981689453","0.00106929943772623"
"0.0264348212893554","1204.24190307963","52.8950004577637","0.00107247715492322"
"0.0264890964956969","1207.13906247183","52.9949989318848","0.00107709523959555"
"0.0265321976644552","1208.10888034893","53.0950012207031","0.00107744714959275"
"0.0265737015599986","1209.60142292672","53.1949996948242","0.00107693382218942"
"0.0266247822199105","1211.94270708071","53.2949981689453","0.0010806326010754"
"0.0266870392090458","1215.73537006559","53.3950004577637","0.00108462163051462"
"0.0267397171421725","1218.15667654357","53.4949989318848","0.00108761171967077"
"0.02678600827408","1219.42737396804","53.5950012207031","0.00108936124373095"
"0.0268386884988469","1221.5244198904","53.6949996948242","0.00108894803235857"
"0.026900943196342","1224.84309605091","53.7949981689453","0.00109377802213504"
"0.0269488316014644","1226.79656282406","53.8950004577637","0.00109438272869108"
"0.0269903354970078","1227.50578674074","53.9949989318848","0.00109768104345325"
"0.0270334366657661","1228.86836164831","54.0950012207031","0.00109525870815502"
"0.0270877118721076","1232.11843156398","54.1949996948242","0.00109860693770516"
"0.0271451793332386","1235.01043176657","54.2949981689453","0.00110229547582402"
"0.0271882782103567","1236.4838743658","54.3950004577637","0.00110468107326539"
"0.0272281871243255","1237.46752326185","54.4949989318848","0.00110323067986421"
"0.0272776705110226","1239.50353706879","54.5950012207031","0.00110524839744078"
"0.0273367352453684","1243.17303812293","54.6949996948242","0.00111016718827474"
"0.0273878159052802","1245.50323550776","54.7949981689453","0.00111262003103304"
"0.0274309170740385","1246.47415108477","54.8950004577637","0.00111232362169677"
"0.0274772104975863","1248.36043862296","54.9949989318848","0.00111482437405787"
"0.0275330806855024","1251.39448119488","55.0950012207031","0.00112030590578683"
"0.027587355891844","1254.27451646837","55.1949996948242","0.00111949566775093"
"0.027630454768962","1255.40108589368","55.2949981689453","0.00112105820829408"
"0.0276735559377203","1256.68726088699","55.3950004577637","0.00112008590832826"
"0.0277278288524217","1259.61131392717","55.4949989318848","0.00112523171476888"
"0.0277884885683421","1263.15951914043","55.5950012207031","0.00112931298272589"
"0.0278379742466793","1264.70409269431","55.6949996948242","0.00113101438234201"
"0.0278826703970123","1266.02188144524","55.7949981689453","0.00113183027786463"
"0.0279369456033538","1268.56755732387","55.8950004577637","0.00113426693591407"
"0.0279976053192742","1272.1480349147","55.9949989318848","0.00113870412423862"
"0.0280454937243966","1273.72531992613","56.0950012207031","0.00114017800695179"
"0.0280869976199401","1274.57252472244","56.1949996948242","0.00113918257574276"
"0.0281332910434878","1276.453982381","56.2949981689453","0.00114326563404367"
"0.0281907585046188","1279.80569930903","56.3950004577637","0.00114552655193577"
"0.0282434364377455","1282.47278079853","56.4949989318848","0.0011480401231592"
"0.0282865376065038","1283.52470662945","56.5950012207031","0.00114863845609095"
"0.0283280415020472","1284.76971787585","56.6949996948242","0.00115059043223948"
"0.0283823144167486","1287.51759007928","56.7949981689453","0.0011534622870844"
"0.0284413791510944","1291.23462153985","56.8950004577637","0.00115800360181024"
"0.0284892675562168","1292.81991976067","56.9949989318848","0.00116052340343045"
"0.0285291741785454","1293.78798131789","57.0950012207031","0.00115931055285807"
"0.0285754676020932","1295.70094296408","57.1949996948242","0.00116216350167139"
"0.0286329350632241","1299.08240755988","57.2949981689453","0.00116533778140809"
"0.0286856129963508","1301.58274843191","57.3950004577637","0.00117077111707923"
"0.0287271168918943","1302.92699175086","57.4949989318848","0.0011699166217421"
"0.0287718130422272","1304.32216834597","57.5950012207031","0.00116949216701002"
"0.0288292805033582","1307.68694790302","57.6949996948242","0.00117384033943581"
"0.0288899402192786","1311.31550475024","57.7949981689453","0.00117719107546741"
"0.028937828624401","1312.63351304116","57.8950004577637","0.00118115768980099"
"0.0289857193211636","1313.98006152993","57.9949989318848","0.00118076560448665"
"0.0290431867822946","1316.86152381331","58.0950012207031","0.00118425362408858"
"0.0291006519517854","1320.21071603153","58.1949996948242","0.00118693047467579"
"0.0291437531205437","1321.14518797128","58.2949981689453","0.00118787334138788"
"0.0291836597428723","1322.05331511301","58.3950004577637","0.00119018625086687"
"0.0292315504396349","1324.07791284081","58.4949989318848","0.00119205171759809"
"0.0292890156091257","1327.86640456601","58.5950012207031","0.00119286961830588"
"0.0293400985606777","1330.17113531274","58.6949996948242","0.00119514951384333"
"0.029383199729436","1331.32459838603","58.7949981689453","0.00120034058017777"
"0.029427895879769","1332.74315598939","58.8950004577637","0.00119889305132683"
"0.0294837660676851","1335.76314800236","58.9949989318848","0.00120156510379239"
"0.0295428285103907","1339.29181415709","59.0950012207031","0.00120587410349362"
"0.0295875269523638","1340.56371905147","59.1949996948242","0.0012059958468789"
"0.0296306258294819","1341.65527184941","59.2949981689453","0.00120766172607202"
"0.029681708781034","1343.99798301329","59.3950004577637","0.00121183193831404"
"0.0297375789689501","1347.66748406744","59.4949989318848","0.00121607863404751"
"0.0297854673740725","1349.47407859162","59.5950012207031","0.00121465065575197"
"0.029826971269616","1350.44697002848","59.6949996948242","0.00121463618977325"
"0.0298732646931637","1352.4008758816","59.7949981689453","0.00121935596597916"
"0.0299307321542947","1355.95555752437","59.8950004577637","0.00122102213162731"
"0.0299881996154257","1359.46007428091","59.9949989318848","0.00122442636313467"
"0.0300344907473333","1360.66853212007","60.0950012207031","0.00122618548343816"
"0.0300823814440959","1362.3946652403","60.1949996948242","0.00122620782693005"
"0.0301430411600163","1365.58611798038","60.2949981689453","0.00123179355667405"
"0.0302005063295071","1368.54518764793","60.3950004577637","0.00123421753908867"
"0.0302420102250506","1369.23838514582","60.4949989318848","0.00123505370130425"
"0.030283514120594","1370.53235380854","60.5950012207031","0.00123773649583321"
"0.0303345970721461","1372.5734170351","60.6949996948242","0.00124077363522709"
"0.0303920645332771","1376.26684794744","60.7949981689453","0.00124286647563375"
"0.0304383579568248","1378.26016122759","60.8950004577637","0.00124407803715852"
"0.0304798618523683","1379.0422724188","60.9949989318848","0.00124493998032628"
"0.0305261529842758","1381.0774080658","61.0950012207031","0.00124752065363912"
"0.0305836204454068","1384.38269228732","61.1949996948242","0.00125101297006642"
"0.0306410879065378","1387.72112704635","61.2949981689453","0.00125280202491994"
"0.0306857840568707","1389.10631457222","61.3950004577637","0.00125542022384095"
"0.030728885225629","1390.39523381532","61.4949989318848","0.0012570058956273"
"0.0307815631587557","1393.38383161065","61.5950012207031","0.00125814054397807"
"0.0308390306198867","1396.78307894511","61.6949996948242","0.00126415194588801"
"0.0308837267702196","1398.20833251796","61.7949981689453","0.00126691308586609"
"0.0309268256473377","1399.31755828458","61.8950004577637","0.00126772389681203"
"0.0309763113256749","1401.74391418217","61.9949989318848","0.00127136789117463"
"0.0310385683148102","1405.69497526515","62.0950012207031","0.00127472270919032"
"0.0310912462479369","1408.28971833008","62.1949996948242","0.00127564323241052"
"0.0311359423982698","1409.21079833084","62.2949981689453","0.00127823235614658"
"0.0311870230581817","1411.09511000919","62.3950004577637","0.00127928765645566"
"0.0312476827741021","1414.77745415236","62.4949989318848","0.00128327353488962"
"0.0312987657256542","1417.23202093784","62.5950012207031","0.00128680581179279"
"0.0313402696211976","1417.8257668232","62.6949996948242","0.00128750519173432"
"0.0313833707899559","1419.29284276291","62.7949981689453","0.00128729364469897"
"0.0314360487230826","1422.04345921613","62.8950004577637","0.00129094866758"
"0.0314935138925734","1425.56005067177","62.9949989318848","0.00129520424341922"
"0.0315398073161212","1427.34941130725","63.0950012207031","0.00129694803837892"
"0.0315813112116646","1428.27444302771","63.1949996948242","0.00129772662313464"
"0.0316292019084272","1430.48158825178","63.2949981689453","0.00129945695470821"
"0.0316882643511328","1434.1820444436","63.3950004577637","0.00130381207366833"
"0.0317393450110447","1436.60894919115","63.4949989318848","0.00130598469179923"
"0.031782446179803","1437.86713283657","63.5950012207031","0.00130765630009283"
"0.0318255473485613","1439.06395505659","63.6949996948242","0.00130917680336118"
"0.0318814175364774","1442.43608920309","63.7949981689453","0.00131346789962341"
"0.0319372877243936","1445.73983664473","63.8950004577637","0.0013170833917111"
"0.0319819838747265","1447.00636280951","63.9949989318848","0.00132046771459428"
"0.0320234877702699","1448.15894772287","64.0950012207031","0.00131805604974571"
"0.0320777629766115","1450.77388846628","64.1949996948242","0.00132129671543426"
"0.0321384226925319","1454.86040571908","64.2949981689453","0.00132731585162985"
"0.0321911006256586","1456.99554182856","64.3949966430664","0.00132829166066972"
"0.0322357967759915","1458.14406525222","64.495002746582","0.00132956380743211"
"0.0322884747091182","1460.55318726111","64.5950012207031","0.00133331020946585"
"0.0323507316982535","1464.39403927237","64.6949996948242","0.00133839106222974"
"0.0323986201033759","1466.04432132831","64.7949981689453","0.0013401699479299"
"0.0324385267257045","1466.83279917904","64.8949966430664","0.00134257101394258"
"0.0324832251676776","1468.28812972963","64.995002746582","0.0013421661097659"
"0.0325359031008043","1471.51317208718","65.0950012207031","0.00134460441493173"
"0.0325917732887205","1474.71439435653","65.1949996948242","0.00134992302536568"
"0.0326364694390534","1476.02340150812","65.2949981689453","0.00134964172653194"
"0.0326779733345968","1477.27368171413","65.3949966430664","0.00135450601929755"
"0.0327290562861489","1479.62023482772","65.495002746582","0.00135508938495429"
"0.0327897160020694","1483.52903446388","65.5950012207031","0.00135880971958083"
"0.0328392016804066","1485.70654179018","65.6949996948242","0.00136124430083134"
"0.0328823005575247","1486.95067487665","65.7949981689453","0.00136380177128723"
"0.0329285939810724","1488.44179044455","65.8949966430664","0.0013660262377775"
"0.0329844641689886","1491.63796329428","65.995002746582","0.00137074615721092"
"0.0330355471205406","1494.64961278787","66.0950012207031","0.00137228155614053"
"0.0330786459976587","1495.77881669298","66.1949996948242","0.00137426253586025"
"0.033121747166417","1497.04885549751","66.2949981689453","0.00137400143210571"
"0.0331760200811183","1500.36083568852","66.3949966430664","0.00138025889888142"
"0.0332382770702536","1504.32452032055","66.495002746582","0.00138287251452204"
"0.0332893577301655","1506.60005224948","66.5950012207031","0.00138692914734697"
"0.0333340561721386","1507.67338322879","66.6949996948242","0.00138596121582027"
"0.0333915213416294","1510.61785348744","66.7949981689453","0.00139137750741747"
"0.0334521810575498","1514.19657475841","66.8949966430664","0.0013943915871819"
"0.033496879499523","1515.54828243679","66.995002746582","0.00139510027691172"
"0.0335383833950664","1516.08813125621","67.0950012207031","0.00139843260820801"
"0.0335830795453993","1518.09384854542","67.1949996948242","0.00139681771800919"
"0.033642141988105","1521.75830017994","67.2949981689453","0.0014026119870108"
"0.033693224939657","1524.77620656307","67.3949966430664","0.00140645191660994"
"0.0337363238167751","1525.57280739318","67.495002746582","0.00140770386829312"
"0.0337794249855334","1527.15514182423","67.5950012207031","0.0014080980304064"
"0.0338321029186601","1529.80059862535","67.6949996948242","0.00141290961544755"
"0.0338911653613657","1533.49874964734","67.7949981689453","0.00141580839706475"
"0.0339390560581283","1535.51215083598","67.8949966430664","0.00141891557471203"
"0.0339805599536717","1536.61808350284","67.995002746582","0.00142090844231526"
"0.034030045632009","1538.66233005916","68.0950012207031","0.00142257145695814"
"0.0340875108014998","1542.26728635816","68.1949996948242","0.00142431195768506"
"0.034136996479837","1544.60582626235","68.2949981689453","0.00143113331117587"
"0.0341800976485953","1545.80857606193","68.3949966430664","0.00143144139355437"
"0.0342247937989282","1547.60737691671","68.495002746582","0.00143193767688376"
"0.0342822612600592","1550.96699728414","68.5950012207031","0.00143330206216394"
"0.0343397287211902","1554.42848420392","68.6949996948242","0.00144085530824153"
"0.0343860198530977","1555.90412220299","68.7949981689453","0.001441139328398"
"0.0344323132766455","1557.46790550543","68.8949966430664","0.00144500088535147"
"0.0344913780109913","1560.5490394038","68.995002746582","0.00144847415251965"
"0.0345504404536969","1564.1672778718","69.0950012207031","0.00145467117728526"
"0.0345951366040298","1565.46772296403","69.1949996948242","0.00145507464918682"
"0.0346350455179987","1565.95323563753","69.2949981689453","0.00145508653707032"
"0.0346845289046957","1568.35566167693","69.3949966430664","0.0014570433113405"
"0.0347435936390415","1571.97971795449","69.495002746582","0.00146152203564356"
"0.0347930793173787","1574.42495429066","69.5950012207031","0.00146626902507677"
"0.0348345832129222","1575.2358252197","69.6949996948242","0.0014684432187103"
"0.0348792793632551","1576.98654681809","69.7949981689453","0.00147068014599412"
"0.0349367468243861","1580.35341200498","69.8949966430664","0.00147384862501658"
"0.0349926170123022","1583.63718130812","69.995002746582","0.00147634651282744"
"0.0350373131626352","1585.17758360232","70.0950012207031","0.00147789079186279"
"0.0350788170581786","1586.3843948916","70.1949996948242","0.0014816711388169"
"0.0351283027365158","1588.75597556331","70.2949981689453","0.0014861574541781"
"0.0351857701976468","1592.22042627287","70.3949966430664","0.00148943521579229"
"0.0352336586027692","1594.42164391739","70.495002746582","0.0014901070960515"
"0.0352751624983127","1595.4484324202","70.5950012207031","0.00149267000915285"
"0.0353230531950753","1597.67533624279","70.6949996948242","0.00149541295923689"
"0.0353821156377809","1601.13890879241","70.7949981689453","0.00149903160232985"
"0.0354395830989119","1604.6920536553","70.8949966430664","0.00150293082811899"
"0.0354858765224596","1606.14068823639","70.995002746582","0.00150491896921431"
"0.035533764927582","1607.79283638219","71.0950012207031","0.00150534807884054"
"0.0355928273702876","1611.25399399199","71.1949996948242","0.00150999939229567"
"0.0356471025766291","1613.86147037597","71.2949981689453","0.00151379735623376"
"0.0356902014537472","1614.9478639843","71.3949966430664","0.00151765576218196"
"0.0357317053492907","1616.00099728513","71.495002746582","0.00151722693901076"
"0.0357811910276279","1618.65106442591","71.5950012207031","0.00152255786701076"
"0.0358402557619737","1622.3598631371","71.6949996948242","0.00152434749477433"
"0.035889741440311","1624.9378113933","71.7949981689453","0.00152893593135165"
"0.0359312453358544","1625.92826602884","71.8949966430664","0.0015308200892732"
"0.0359791337409768","1627.75999788114","71.995002746582","0.00153287483116165"
"0.0360366012021078","1631.32927893281","72.0950012207031","0.00153714215165686"
"0.0360924713900239","1634.55530922029","72.1949996948242","0.00154137380850157"
"0.0361355725587822","1635.72073722268","72.2949981689453","0.00154272315489297"
"0.0361786714359003","1637.13435517641","72.3949966430664","0.00154408281366524"
"0.0362329466422418","1640.1048409231","72.495002746582","0.00154792832913735"
"0.036288816830158","1643.73570294014","72.5950012207031","0.0015531757554978"
"0.0363351102537058","1645.30925577185","72.6949996948242","0.00155391953596809"
"0.0363766141492492","1646.57161067695","72.7949981689453","0.00155648416779957"
"0.0364245025543716","1648.81091850861","72.8949966430664","0.00156050313178883"
"0.0364851622702921","1652.64836765012","72.995002746582","0.00156745997850607"
"0.0365394374766336","1655.45913805882","73.0950012207031","0.00156922267949737"
"0.0365857309001813","1656.99997943298","73.1949996948242","0.00157114980567254"
"0.0366352165785186","1659.08385295633","73.2949981689453","0.0015735766526374"
"0.0366974712760136","1662.8966038497","73.3949966430664","0.00158141692664922"
"0.0367485542275657","1665.43624237878","73.495002746582","0.00158200415944879"
"0.0367900581231091","1666.26840868622","73.5950012207031","0.00158145287675475"
"0.0368331570002272","1667.5309831313","73.6949996948242","0.00158552483492348"
"0.0368858349333539","1670.39784600578","73.7949981689453","0.00158748834088672"
"0.0369417051212701","1673.68622564857","73.8949966430664","0.0015913192471526"
"0.0369864035632432","1675.39183178035","73.995002746582","0.00159367147258366"
"0.0370279074587867","1676.58349481077","74.0950012207031","0.00159390837088865"
"0.037075795863909","1678.74695157813","74.1949996948242","0.00160075751051681"
"0.0371364555798295","1682.81447862235","74.2949981689453","0.00160523437286221"
"0.037190730786171","1685.60307549271","74.3949966430664","0.00160845899706941"
"0.0372338296632891","1686.86762579765","74.495002746582","0.00161073373641643"
"0.037278525813622","1688.45336309844","74.5950012207031","0.00161247538296344"
"0.0373328010199636","1691.66479397701","74.6949996948242","0.00161668584213636"
"0.0373886712078797","1694.94801443019","74.7949981689453","0.0016198043347571"
"0.037431772376638","1696.06953443588","74.8949966430664","0.00162218706764823"
"0.0374748712537561","1697.20784925031","74.995002746582","0.00162190204489918"
"0.037527551478523","1700.28612912889","75.0950012207031","0.00162791029580385"
"0.0375882089028032","1704.16880350701","75.1949996948242","0.00163194573095699"
"0.0376392918543553","1706.48297447304","75.2949981689453","0.00163684310927789"
"0.0376839880046882","1707.94994064276","75.3949966430664","0.0016391426269845"
"0.0377350709562403","1710.05082851482","75.495002746582","0.00164198125304662"
"0.0377957306721607","1713.81187774208","75.5950012207031","0.00164839798881577"
"0.0378452163504979","1715.97884714917","75.6949996948242","0.00164960797483791"
"0.0378867202460414","1717.07709591661","75.7949981689453","0.00165129419233775"
"0.0379298191231595","1718.50180063951","75.8949966430664","0.00165499232669992"
"0.0379856893110756","1721.72354989731","75.995002746582","0.00165822454196526"
"0.0380431567722066","1725.39272164147","76.0950012207031","0.00166446052461415"
"0.0380878529225395","1726.91556073699","76.1949996948242","0.00166682420824618"
"0.038129356818083","1727.77429138244","76.2949981689453","0.00166771164591109"
"0.0381788424964202","1730.23050471779","76.3949966430664","0.0016707361812839"
"0.038237907230766","1734.11581357571","76.495002746582","0.00167535584145886"
"0.0382873929091033","1736.1777331007","76.5950012207031","0.00167941863306681"
"0.0383288968046467","1737.19453253426","76.6949996948242","0.00168188601341759"
"0.0383751879365543","1739.25612274928","76.7949981689453","0.001683857396894"
"0.0384326553976853","1742.96195767069","76.8949966430664","0.00168683180263757"
"0.0384869283123866","1746.23420112469","76.995002746582","0.00169289476645186"
"0.0385300294811449","1747.51005773878","77.0950012207031","0.0016957087573819"
"0.0385747256314778","1749.12905534707","77.1949996948242","0.00169785946170345"
"0.0386290008378193","1752.18647892722","77.2949981689453","0.0016997366014769"
"0.0386912555353144","1756.29187661859","77.3949966430664","0.00170795026961274"
"0.038739146232077","1758.28771460855","77.495002746582","0.00170978644631774"
"0.0387854373639846","1759.27246120452","77.5950012207031","0.00171315658967722"
"0.0388413121351811","1762.28981873769","77.6949996948242","0.00171608401679683"
"0.0389003722862465","1765.92430316446","77.7949981689453","0.00172305633208538"
"0.0389450684365794","1767.39972162355","77.8949966430664","0.00172414887154761"
"0.0389865746237631","1768.33057115357","77.995002746582","0.00172311949541822"
"0.039031270774096","1769.94660497208","78.0950012207031","0.00172827153225561"
"0.0390871409620122","1773.31500693886","78.1949996948242","0.00173108939032848"
"0.0391398211867791","1776.40239772676","78.2949981689453","0.00173550409193363"
"0.039182917772257","1777.85685011742","78.3949966430664","0.0017391168626986"
"0.0392276139225899","1779.12557168204","78.495002746582","0.00174397485345367"
"0.0392802941473568","1781.99386156641","78.5950012207031","0.00174403586837382"
"0.0393409538632772","1786.00924786455","78.6949996948242","0.00175032384260961"
"0.0393888445600398","1788.00761056432","78.7949981689453","0.00175490927140918"
"0.0394287511823684","1788.69466094267","78.8949966430664","0.00175383792961874"
"0.0394782368607056","1791.01893074794","78.995002746582","0.00175839843683121"
"0.0395341070486218","1794.41905624233","79.0950012207031","0.00176509432302143"
"0.039583592726959","1796.86495119846","79.1949996948242","0.00176700612385281"
"0.0396250943308623","1797.93608677794","79.2949981689453","0.001768874240293"
"0.0396713900460502","1799.78988239858","79.3949966430664","0.0017714378695319"
"0.039728855215541","1803.16651711473","79.495002746582","0.00177482391114523"
"0.0397895149314615","1807.01197946565","79.5950012207031","0.00178403243758004"
"0.0398390006097987","1808.94612672024","79.6949996948242","0.00178627881787967"
"0.0398852917417063","1810.52582667149","79.7949981689453","0.00178893855277918"
"0.0399427614944774","1813.48577449897","79.8949966430664","0.00179346239374855"
"0.0400018262288232","1817.06504461989","79.995002746582","0.0017976933344557"
"0.0400449228143012","1818.11488482097","80.0950012207031","0.00179871755439465"
"0.0400848340199102","1818.79578807978","80.1949996948242","0.00180174552722775"
"0.0401343196982474","1820.80798179851","80.2949981689453","0.00180694726401185"
"0.0401933798493128","1824.61008500269","80.3949966430664","0.00180984604562904"
"0.0402412705460754","1826.96860304538","80.495002746582","0.00181293059332942"
"0.0402827721499787","1828.02920070565","80.5950012207031","0.0018161881598644"
"0.0403274683003116","1829.50527778468","80.6949996948242","0.00182074594575413"
"0.0403817435066531","1832.60617028157","80.7949981689453","0.00182125741119981"
"0.0404392132594243","1836.02649345444","80.8949966430664","0.00182866843235789"
"0.0404839094097572","1837.55602851946","80.995002746582","0.00183168251212232"
"0.0405254110136605","1838.99247863147","81.0950012207031","0.00183367953332339"
"0.0405764962568527","1841.52059131142","81.1949996948242","0.00183764521667814"
"0.0406355564079181","1845.21994980332","81.2949981689453","0.00184180826754456"
"0.0406850420862554","1847.40129907933","81.3949966430664","0.0018459763313739"
"0.040726548273439","1848.58110695064","81.495002746582","0.00184723587411522"
"0.0407728394053466","1850.40636237342","81.5950012207031","0.00184978890451823"
"0.040833499121267","1853.96817906566","81.6949996948242","0.00185460005987685"
"0.0408877743276085","1857.0709376524","81.7949981689453","0.00186035264967244"
"0.0409340654595161","1858.53131762262","81.8949966430664","0.00186377335234369"
"0.0409819561562787","1860.37347762413","81.995002746582","0.00186468284704546"
"0.0410426158721991","1864.01849997011","82.0950012207031","0.00187261979962794"
"0.0410984860601153","1867.49798916854","82.1949996948242","0.0018766056780619"
"0.0411431822104482","1868.43915707778","82.2949981689453","0.00187869350550564"
"0.0411846883976319","1869.52478229617","82.3949966430664","0.00188265861595035"
"0.0412341740759691","1871.7019603125","82.495002746582","0.00188443062672993"
"0.0412948337918895","1875.60362489918","82.5950012207031","0.00189118695493025"
"0.0413411249237971","1877.54501697324","82.6949996948242","0.00189358873708049"
"0.0413826265277004","1878.37926891052","82.7949981689453","0.00189725192392971"
"0.041430517224463","1880.53251706865","82.8949966430664","0.00190212724521375"
"0.0414895819588088","1884.11387281942","82.995002746582","0.00190630347301128"
"0.0415438571651503","1887.00609256199","83.0950012207031","0.0019111087560419"
"0.0415853587690536","1888.32882096255","83.1949996948242","0.00191431963040794"
"0.0416284599378118","1889.55165867062","83.2949981689453","0.00191753580419193"
"0.0416795405977237","1892.25836712714","83.3949966430664","0.00192118681670262"
"0.0417370103504949","1895.71919542697","83.495002746582","0.00192723789263341"
"0.0417817065008278","1897.48385781431","83.5950012207031","0.00192902336679912"
"0.0418248030863057","1898.99868370043","83.6949996948242","0.00193463516395033"
"0.0418758883294979","1901.34600520397","83.7949981689453","0.00193685576329778"
"0.041938143026993","1905.2125433933","83.8949966430664","0.00194271076076451"
"0.0419924182333346","1908.08961487701","83.995002746582","0.00194624260798515"
"0.0420387093652421","1909.6806211374","84.0950012207031","0.00195165775376225"
"0.0420881950435793","1911.4259640062","84.1949996948242","0.00195271606184909"
"0.0421488547594998","1914.91401526398","84.2949981689453","0.00196015243427681"
"0.042198340437837","1916.94563827125","84.3949966430664","0.00196334741038901"
"0.0422382470601656","1917.78142698842","84.495002746582","0.0019657070836507"
"0.0422813482289239","1919.1996552818","84.5950012207031","0.00196816257611797"
"0.0423356234352654","1922.16476229889","84.6949996948242","0.0019724655602637"
"0.0423946881696113","1926.22142211393","84.7949981689453","0.00198004344147337"
"0.0424409793015188","1927.76017785825","84.8949966430664","0.0019846556538177"
"0.0424824854887025","1928.62582401318","84.995002746582","0.00198597707084424"
"0.0425319665837593","1930.92023638069","85.0950012207031","0.00198917935155955"
"0.0425910313181051","1934.52332658982","85.1949996948242","0.00199583828505165"
"0.042643711542872","1937.03749848082","85.2949981689453","0.00199902509719566"
"0.0426836181652006","1937.98788706937","85.3949966430664","0.00200272537997051"
"0.0427299092971082","1939.66780702308","85.495002746582","0.00200460352233655"
"0.0427857794850243","1943.05838252819","85.5950012207031","0.00201100192498416"
"0.0428384597097912","1945.9927539476","85.6949996948242","0.00201626510637094"
"0.0428831558601241","1947.27859963093","85.7949981689453","0.00201924022825207"
"0.0429246620473078","1948.4761902409","85.8949966430664","0.00202026974760898"
"0.0429757427072196","1950.98465409232","85.995002746582","0.00202687754887926"
"0.0430364024231401","1954.9675484729","86.0950012207031","0.00203329614660607"
"0.043087483083052","1957.33462857496","86.1949996948242","0.00203804113085411"
"0.0431337742149595","1958.94319803403","86.2949981689453","0.00203857322106153"
"0.043188049421301","1961.27537127871","86.3949966430664","0.00204333668165862"
"0.0432487091372215","1964.92939476401","86.495002746582","0.00205053930678662"
"0.0432981948155587","1966.98911888917","86.5950012207031","0.00205589200536845"
"0.0433381014378873","1967.53533436811","86.6949996948242","0.002058510633972"
"0.0433827975882203","1968.85257426908","86.7949981689453","0.00206136272342025"
"0.0434370727945618","1972.07695800668","86.8949966430664","0.00206709712332181"
"0.0434913480009033","1975.1162695382","86.995002746582","0.00207064415265872"
"0.0435344491696616","1976.37247732376","87.0950012207031","0.00207388668030493"
"0.0435759507735649","1977.64800462787","87.1949996948242","0.00207826342661938"
"0.0436270360167571","1980.120463922","87.2949981689453","0.00208286733176801"
"0.0436892907142522","1984.75144033386","87.3949966430664","0.00208862206997629"
"0.043740371374164","1986.94420568902","87.495002746582","0.00209290428613276"
"0.0437818775613477","1987.97911717122","87.5950012207031","0.0020988932013233"
"0.0438297636748299","1989.897457547","87.6949996948242","0.00210007053147268"
"0.043885633862746","1993.28320317248","87.7949981689453","0.00210620639809063"
"0.0439383140875129","1996.03623456551","87.8949966430664","0.0021117159307982"
"0.0439798156914162","1997.31417680944","87.995002746582","0.00211411112448289"
"0.0440245164250295","1998.66500632789","88.0950012207031","0.00211865845476424"
"0.0440819815945203","2001.80464763187","88.1949996948242","0.00212465080741507"
"0.0441426413104407","2005.5420963109","88.2949981689453","0.00213101669741743"
"0.0441905320072033","2007.30961271802","88.3949966430664","0.00213588141986558"
"0.0442352281575362","2008.44002409304","88.495002746582","0.00213639059367106"
"0.0442910983454524","2011.31643695681","88.5950012207031","0.00214431250736477"
"0.0443485635149432","2014.91447774632","88.6949996948242","0.00215026676149738"
"0.0443948592301311","2016.29077390285","88.7949981689453","0.00215403035083258"
"0.0444347658524598","2016.84050202153","88.8949966430664","0.00215428730098927"
"0.0444826565492224","2018.79748143441","88.995002746582","0.00216076505167857"
"0.0445401217187131","2022.39683946382","89.0950012207031","0.00216690707707954"
"0.0445943969250547","2025.43176019567","89.1949996948242","0.00217637599113133"
"0.0446358985289579","2026.4370337801","89.2949981689453","0.00217690249546578"
"0.0446789996977162","2027.542417597","89.3949966430664","0.00218305368742752"
"0.0447332749040577","2030.36657994469","89.495002746582","0.00218712722109887"
"0.0447907400735485","2034.05046086775","89.5950012207031","0.00219111367244288"
"0.0448354362238815","2035.47329950078","89.6949996948242","0.00219481796558807"
"0.0448769424110651","2036.44432484779","89.7949981689453","0.0021991991519554"
"0.0449264280894023","2038.72249125652","89.8949966430664","0.00220392408435174"
"0.0449854928237481","2042.53985248955","89.995002746582","0.00221284500994228"
"0.04503657348366","2044.77959940117","90.0950012207031","0.00221508981473927"
"0.0450796746524183","2045.89683837718","90.1949996948242","0.00221979455205641"
"0.0451259657843258","2047.65601226493","90.2949981689453","0.00222422715710058"
"0.0451834309538166","2050.76074671153","90.3949966430664","0.00222979125949026"
"0.0452424956881625","2054.58052288438","90.495002746582","0.00223807310392185"
"0.04528878682007","2055.69798140037","90.5950012207031","0.00224189240875925"
"0.0453366775168326","2057.27208308203","90.6949996948242","0.00224514353005619"
"0.0453957422511784","2060.50546795896","90.7949981689453","0.0022518796631773"
"0.0454500174575199","2063.43413133879","90.8949966430664","0.00225735854519729"
"0.0454947136078529","2064.60120589106","90.995002746582","0.00226100253955989"
"0.0455346202301815","2065.07431455549","91.0950012207031","0.00226443584625221"
"0.045580911362089","2067.00011929072","91.1949996948242","0.00226939466917579"
"0.0456399760964349","2070.46731425007","91.2949981689453","0.00227773910403017"
"0.0456894617747721","2072.91298966621","91.3949966430664","0.00228352950588895"
"0.0457309633786753","2073.93648506927","91.495002746582","0.00228614097311689"
"0.0457772590938633","2075.53737062892","91.5950012207031","0.0022909448238724"
"0.0458331292817794","2078.82542096174","91.6949996948242","0.00229488114558718"
"0.0458921940161253","2082.14837815193","91.7949981689453","0.00230122211400244"
"0.0459368901664582","2083.51501454919","91.8949966430664","0.00230750349977266"
"0.0459783917703614","2084.33455730758","91.995002746582","0.00231184085852129"
"0.0460278774486987","2086.62655473528","92.0950012207031","0.00231591510833021"
"0.0460853472014698","2090.01603254047","92.1949996948242","0.00232445705392376"
"0.0461316383333774","2092.03009234906","92.2949981689453","0.00232808572294257"
"0.0461731399372807","2092.83602362847","92.3949966430664","0.00233333615708077"
"0.0462210306340433","2094.96007296879","92.495002746582","0.00233949565623821"
"0.0462816903499637","2098.87447087452","92.5950012207031","0.00234524910539887"
"0.0463391555194545","2102.32783481491","92.6949996948242","0.00235297751872375"
"0.0463870462162171","2103.55769780246","92.7949981689453","0.00235823711942273"
"0.0464365318945543","2105.4885519573","92.8949966430664","0.00236510874577028"
"0.0464955966289001","2108.76628391089","92.995002746582","0.0023726766010541"
"0.0465498718352416","2111.25784318359","93.0950012207031","0.0023778475439231"
"0.0465913734391449","2112.063774463","93.1949996948242","0.00238174089738424"
"0.0466328796263286","2112.96674241512","93.2949981689453","0.00238971179488709"
"0.0466839602862404","2115.27169270184","93.3949966430664","0.00239423248485119"
"0.0467430250205862","2119.11430103297","93.495002746582","0.00239963058655436"
"0.0467909111340684","2120.81990716475","93.5950012207031","0.00240588533200734"
"0.0468308177563971","2121.44603519768","93.6949996948242","0.00240842819325699"
"0.046877113471585","2123.11892987192","93.7949981689453","0.00241525756748848"
"0.0469361782059308","2126.46932956005","93.8949966430664","0.00242191621452555"
"0.0469904488289919","2129.30468844689","93.995002746582","0.00242919217213974"
"0.0470335499977502","2130.42587914261","94.0950012207031","0.00243479494595768"
"0.0470782461480832","2131.77143970145","94.1949996948242","0.00243662568001722"
"0.04713092637285","2134.51656765509","94.2949981689453","0.0024437807536112"
"0.0471883915423408","2137.77695594998","94.3949966430664","0.0024511102783149"
"0.0472330876926738","2139.4687310628","94.495002746582","0.00245750280863451"
"0.047276188861432","2140.59892289784","94.5950012207031","0.00246176354066417"
"0.0473256745397693","2142.46786677734","94.6949996948242","0.00246862499785837"
"0.0473847392741151","2146.3592129848","94.7949981689453","0.00247532145695864"
"0.0474374149156016","2148.6617483317","94.8949966430664","0.00248421273445417"
"0.0474837106307895","2149.74012873064","94.995002746582","0.00248521962386417"
"0.0475331963091267","2151.78426551696","95.0950012207031","0.00249109281122494"
"0.0475938560250472","2155.38450170631","95.1949996948242","0.00249987437644621"
"0.0476465316665337","2157.67013247449","95.2949981689453","0.00250759376643783"
"0.047689632835292","2158.43896149669","95.3949966430664","0.0025118155405842"
"0.0477327340040503","2159.36915240676","95.495002746582","0.00251723670191682"
"0.0477854096455368","2162.04578388554","95.5950012207031","0.00252425599582933"
"0.0478428793983079","2165.37971807491","95.6949996948242","0.00253101203757463"
"0.0478875755486409","2166.8510750443","95.7949981689453","0.00253516821352046"
"0.0479306767173991","2167.66600746303","95.8949966430664","0.00254170712235743"
"0.047980157812456","2169.65174661375","95.995002746582","0.00254565361322556"
"0.0480408175283764","2173.00961066132","96.0950012207031","0.00255619916848574"
"0.0480903032067137","2175.24672309315","96.1949996948242","0.0025622167291787"
"0.0481318093938973","2176.08975662977","96.2949981689453","0.0025677218218334"
"0.0481749105626556","2177.40041033124","96.3949966430664","0.00257045059239374"
"0.0482307807505717","2180.3407093302","96.495002746582","0.00257914364301255"
"0.0482850559569133","2183.34994388398","96.5950012207031","0.00258499821079675"
"0.0483281525423912","2184.413834644","96.6949996948242","0.00259527650351937"
"0.0483712537111494","2185.5244874205","96.7949981689453","0.00259651857250421"
"0.048425528917491","2188.27510387372","96.8949966430664","0.00260430900334183"
"0.0484877836149861","2191.88258488252","96.995002746582","0.00261317048951485"
"0.0485388688581783","2194.01058594255","97.0950012207031","0.00261883170015773"
"0.0485851599900859","2195.03078824585","97.1949996948242","0.00262588193121286"
"0.0486378402148527","2197.2130156818","97.2949981689453","0.00263331887655063"
"0.0486953053843435","2200.53750965188","97.3949966430664","0.00263910526803907"
"0.0487431960811061","2202.14520095102","97.495002746582","0.00264704837940457"
"0.0487846976850094","2202.7454232659","97.5950012207031","0.00265288919734761"
"0.0488293938353423","2204.00316783134","97.6949996948242","0.00265768073053708"
"0.0488836690416838","2207.11031721776","97.7949981689453","0.0026667625006237"
"0.0489411342111746","2210.12372303122","97.8949966430664","0.00267527222002702"
"0.0489858303615075","2211.81440044413","97.995002746582","0.00268076843257597"
"0.0490305310951209","2212.8163809288","98.0950012207031","0.00268209385997286"
"0.0490832067366073","2215.07917953869","98.1949996948242","0.00269323094485797"
"0.0491422714709532","2218.44384932575","98.2949981689453","0.00270230326192879"
"0.0491901575844354","2220.18326461499","98.3949966430664","0.00270834975457919"
"0.0492332587531936","2221.13958078309","98.495002746582","0.0027165867687995"
"0.0492795544683816","2222.55978493633","98.5950012207031","0.00272279396271846"
"0.049338614619447","2226.16946134497","98.6949996948242","0.00272926039843431"
"0.0493896998626393","2228.34554166138","98.7949981689453","0.0027387446378299"
"0.0494312014665425","2229.18242807846","98.8949966430664","0.00274636634665827"
"0.0494758976168755","2230.30471647409","98.995002746582","0.00274929047954511"
"0.049530172823217","2233.19430173686","99.0950012207031","0.00275798324370889"
"0.0495908325391374","2236.70650239283","99.1949996948242","0.0027682827341033"
"0.0496387232359","2238.17237086263","99.2949981689453","0.00277866902037003"
"0.0496866093493822","2239.417821189","99.3949966430664","0.00278072376225848"
"0.0497424795372984","2242.25339961584","99.495002746582","0.00279165030270082"
"0.0498015442716442","2245.11729870054","99.5950012207031","0.00279976099025546"
"0.0498462404219771","2246.2564916749","99.6949996948242","0.00280540845105718"
"0.0498877466091608","2246.72784401946","99.7949981689453","0.00281122979005857"
"0.0499340377410683","2248.10699419578","99.8949966430664","0.00282011906236894"
"0.0499915029105591","2251.20097118319","99.995002746582","0.00282705958114981"
"0.0500425881537514","2253.34807222178","100.095001220703","0.00283862176529081"
"0.0500840897576546","2254.28814243111","100.194999694824","0.00284465679974024"
"0.0501287859079875","2255.62338461073","100.294998168945","0.00284857808256625"
"0.0501830611143291","2258.1524852206","100.394996643066","0.0028570714740332"
"0.0502421258486749","2261.4633677117","100.495002746582","0.00286645230316506"
"0.0502900165454375","2263.1075026481","100.595001220703","0.00287357586670638"
"0.0503315181493407","2263.54592399514","100.694999694824","0.00288169171045146"
"0.0503825988092526","2265.87897539975","100.794998168945","0.00288599541073474"
"0.0504384689971687","2268.77514686203","100.894996643066","0.00289585576557708"
"0.050487954675506","2270.66450796","100.995002746582","0.00290357658784382"
"0.0505294608626896","2271.4173105634","101.095001220703","0.00290906220155687"
"0.0505757519945972","2272.99975476444","101.194999694824","0.00291648310541329"
"0.0506364117105176","2276.35520387219","101.294998168945","0.00292442994069411"
"0.0506938814632888","2279.35346142679","101.394996643066","0.00293813595423607"
"0.0507385776136217","2280.27882245723","101.495002746582","0.00294447405810109"
"0.0507864637271039","2281.3220764588","101.595001220703","0.00294968582081102"
"0.0508423339150201","2284.01561251631","101.694999694824","0.00296135055585068"
"0.0508998036677912","2286.88807366037","101.794998168945","0.00296963712679017"
"0.0509413052716945","2287.55569475018","101.894996643066","0.00297844676460381"
"0.0509844064404528","2288.18072508319","101.995002746582","0.00298372985461477"
"0.0510322971372154","2290.09204017951","102.095001220703","0.00299043089699543"
"0.0510913618715612","2293.35725835404","102.194999694824","0.00299928207078758"
"0.0511424425314731","2295.36736644293","102.294998168945","0.00301104735154072"
"0.0511839441353763","2295.65606152122","102.394996643066","0.0030167417909664"
"0.0512286402857092","2297.00337839994","102.495002746582","0.00302188566383561"
"0.0512845150569058","2299.81414880864","102.595001220703","0.00302986257689396"
"0.0513403852448219","2302.61965025773","102.694999694824","0.00304197761923163"
"0.0513834818302998","2303.53227796912","102.794998168945","0.00304828449949901"
"0.0514265829990581","2304.6086825082","102.894996643066","0.00305714426694189"
"0.05147766365897","2306.93712357316","102.995002746582","0.00306576942771996"
"0.0515351334117412","2310.01419598183","103.095001220703","0.00307614282351061"
"0.0515830241085037","2312.01200983165","103.194999694824","0.00308418075148911"
"0.0516261206939816","2312.77315495443","103.294998168945","0.00309027880604386"
"0.0516772059371739","2314.44451284878","103.394996643066","0.00310116524278282"
"0.0517362660882393","2317.75012638028","103.495002746582","0.00311120348619517"
"0.0517921362761555","2320.35518782444","103.595001220703","0.00312241361711145"
"0.0518384319913434","2321.42742110383","103.694999694824","0.00313072539609307"
"0.0518879176696806","2322.63467147307","103.794998168945","0.00313982463993616"
"0.0519469778207461","2325.66256692545","103.894996643066","0.00314846670156066"
"0.0520012530270876","2327.94731953369","103.995002746582","0.00316105009786286"
"0.0520427592142712","2328.31021912641","104.095001220703","0.00316841514298956"
"0.0520842608181745","2328.47377641411","104.194999694824","0.00317453067130079"
"0.0521353414780864","2330.81319447824","104.294998168945","0.00318396191651691"
"0.0521944062124322","2333.83713821092","104.394996643066","0.00319687645482706"
"0.0522407019276201","2334.95503580688","104.495002746582","0.00320548901158407"
"0.0522822035315234","2335.77194408546","104.595001220703","0.00321324735945897"
"0.052328494663431","2337.15965632114","104.694999694824","0.0032203686313601"
"0.0523875593977768","2340.39348027803","104.794998168945","0.00323045528567154"
"0.0524418346041183","2342.96209808494","104.894996643066","0.00324264222822027"
"0.0524849357728766","2343.46857682686","104.995002746582","0.00325018802646724"
"0.0525280369416349","2344.36232409967","105.095001220703","0.00325698560419104"
"0.0525807125831214","2346.79307079694","105.194999694824","0.00326678895448357"
"0.0526365827710375","2349.69538937875","105.294998168945","0.00328018015395395"
"0.0526812789213704","2350.67168368536","105.394996643066","0.00328684453009151"
"0.0527243800901287","2351.19989688565","105.495002746582","0.0032944665253749"
"0.0527754607500406","2353.30791980718","105.595001220703","0.00330274536202874"
"0.052836120465961","2356.52659550521","105.694999694824","0.00331358911696909"
"0.0528903956723025","2358.84713313076","105.794998168945","0.00332579324681928"
"0.0529366913874905","2359.54834383804","105.894996643066","0.00333556279541895"
"0.052989367028977","2361.27568442819","105.995002746582","0.00334340077779058"
"0.0530484317633228","2364.12267893416","106.095001220703","0.00335565962055038"
"0.05309791744166","2365.96901019536","106.194999694824","0.0033669152978155"
"0.0531394190455633","2366.02411473122","106.294998168945","0.00337311819490911"
"0.0531825202143216","2366.9196183239","106.394996643066","0.00338256662742667"
"0.0532367954206631","2369.05947454303","106.495002746582","0.0033933946273407"
"0.0532942605901539","2372.37057657412","106.595001220703","0.00340352969255122"
"0.0533389567404868","2373.00416896649","106.694999694824","0.00341311791512059"
"0.0533804629276705","2373.41844091534","106.794998168945","0.00342280009493789"
"0.0534283490411527","2375.28387215511","106.894996643066","0.00342808318494885"
"0.0534874137754985","2378.38223994218","106.995002746582","0.00344163479923278"
"0.0535384944354103","2380.05996449606","107.095001220703","0.00345374754993025"
"0.053580000622594","2380.47423644491","107.194999694824","0.00346217591610671"
"0.0536246967729269","2381.67204659487","107.294998168945","0.00346986952514615"
"0.0536805669608431","2384.42595614784","107.394996643066","0.00348366720429585"
"0.0537364371487592","2387.04858079068","107.495002746582","0.00349212822634507"
"0.0537811332990921","2387.88195456803","107.595001220703","0.00350199545610799"
"0.0538242344678504","2388.45144128522","107.694999694824","0.00351231557126414"
"0.0538785096741919","2390.76122145158","107.794998168945","0.00352418454873603"
"0.0539391693901124","2393.75640544641","107.894996643066","0.00353543163235043"
"0.053987060086875","2395.42842196071","107.995002746582","0.00354481675830765"
"0.0540333512187825","2396.11799704888","108.095001220703","0.0035543313619358"
"0.0540860314435494","2398.13996029687","108.194999694824","0.00356491157825391"
"0.0541450915946149","2401.16917298915","108.294998168945","0.00357950703464595"
"0.0541945772729521","2402.70068391401","108.394996643066","0.00358966444334837"
"0.0542376784417104","2402.83284698408","108.495002746582","0.00360062220738834"
"0.0542839695736179","2403.82450908953","108.595001220703","0.00360886982044454"
"0.0543398397615341","2406.44910959222","108.694999694824","0.00362067692363121"
"0.0543941149678756","2408.93759530515","108.794998168945","0.00363556169959768"
"0.0544372161366339","2409.17733296712","108.894996643066","0.0036420562079059"
"0.0544803173053922","2409.67810366948","108.995002746582","0.00365391888336726"
"0.0545329929468787","2411.93080344013","109.095001220703","0.0036640837399003"
"0.0545936526627991","2415.16594463692","109.194999694824","0.00367737840402754"
"0.0546399483779871","2416.10601484625","109.294998168945","0.00368904227970212"
"0.0546798550003157","2416.29899049174","109.394996643066","0.00369801032714414"
"0.0547277456970783","2417.65245449","109.495002746582","0.00370823190177197"
"0.0547836158849944","2420.41470656234","109.595001220703","0.0037178421813782"
"0.0548346965449063","2422.76136944593","109.694999694824","0.00373165017290877"
"0.0548777977136646","2423.09704608069","109.794998168945","0.00373913438332553"
"0.0549240888455721","2424.20308851754","109.894996643066","0.00375025800482451"
"0.0549799590334883","2426.70935696913","109.995002746582","0.00375989492474799"
"0.0550422183142638","2429.9754533036","110.095001220703","0.00377448264685437"
"0.055090104427746","2430.88500745522","110.194999694824","0.00378984465689112"
"0.0551364001429339","2431.51596536779","110.294998168945","0.00379898629607779"
"0.0551922703308501","2433.76207893893","110.394996643066","0.00381126776878451"
"0.0552497355003409","2435.93772017538","110.495002746582","0.00382276550054506"
"0.0552928366690991","2436.69996299808","110.595001220703","0.0038343210962205"
"0.0553343382730024","2436.69974345809","110.694999694824","0.0038460147632176"
"0.0553806339881904","2437.92916736567","110.794998168945","0.00385505986706112"
"0.0554380991576812","2440.75574465318","110.894996643066","0.00386694144855407"
"0.0554923743640227","2442.85959631502","110.995002746582","0.0038792100307847"
"0.0555338805512063","2443.24137634632","111.095001220703","0.00389275963988346"
"0.0555801716831139","2444.09209378236","111.194999694824","0.00390017452818437"
"0.05563604187103","2446.49012902209","111.294998168945","0.00391543942996792"
"0.0556935070405208","2449.09936172594","111.394996643066","0.00392898817970161"
"0.0557366082092791","2449.61154850743","111.495002746582","0.00394111840415555"
"0.0557797093780374","2450.09058475142","111.595001220703","0.00395071436101057"
"0.0558291950563746","2451.62824279582","111.694999694824","0.00396221381150127"
"0.0558882597907204","2454.62254863072","111.794998168945","0.00397502408018262"
"0.0559361459042026","2455.81157718134","111.894996643066","0.00398529034179423"
"0.0559776520913863","2456.20477329178","111.995002746582","0.0039984076902615"
"0.0560239432232938","2457.30532722904","112.095001220703","0.0040072855043709"
"0.056081412976065","2459.99578972678","112.194999694824","0.0040208474310357"
"0.0561388781455558","2462.36616292859","112.294998168945","0.00403384045802247"
"0.0561867688423184","2463.17516776777","112.394996643066","0.00404699447273284"
"0.0562346549558006","2464.2322527883","112.495002746582","0.00405655548207491"
"0.0562921247085718","2466.96947730253","112.595001220703","0.00407046974841945"
"0.0563495898780626","2468.93238429496","112.694999694824","0.00408298439551585"
"0.0563926910468209","2469.20022307483","112.794998168945","0.00409718225233433"
"0.0564341926507241","2469.12162776074","112.894996643066","0.00410717838685813"
"0.0564836783290613","2470.62064676805","112.995002746582","0.00411710978254647"
"0.0565411480818325","2473.32713568458","113.095001220703","0.00413128644169316"
"0.0565890387785951","2474.62505606701","113.194999694824","0.00414761724262168"
"0.0566289454009237","2474.91397068529","113.294998168945","0.00415644177609659"
"0.0566752365328313","2475.5124366803","113.394996643066","0.00416664215305263"
"0.0567327062856025","2478.4228782415","113.495002746582","0.0041818990340955"
"0.0567885764735186","2481.00686384725","113.595001220703","0.00419517651092129"
"0.0568348676054262","2481.51575752899","113.694999694824","0.00420791688457674"
"0.0568779687741845","2482.36252324534","113.794998168945","0.00422000385432203"
"0.0569290494340963","2484.0683489171","113.894996643066","0.00422958978525121"
"0.0569865146035871","2487.03850535381","113.995002746582","0.0042490523989591"
"0.0570328103187751","2487.78406313777","114.095001220703","0.00425978787390031"
"0.057077506469108","2488.11798345266","114.194999694824","0.00427142969253803"
"0.0571253971658706","2489.15948113437","114.294998168945","0.0042848005537017"
"0.0571892468449403","2492.62074851416","114.394996643066","0.00429835875645119"
"0.0572435220512818","2494.14896633928","114.495002746582","0.00431350392003463"
"0.0572882182016147","2494.34369830464","114.595001220703","0.00432406064704075"
"0.057337703879952","2495.27608461454","114.694999694824","0.00433895401665794"
"0.0573951690494428","2497.68334053358","114.794998168945","0.00435393418214746"
"0.0574478492742096","2499.34284326882","114.894996643066","0.00436826810510242"
"0.0574893508781129","2499.48598333806","114.995002746582","0.00438158310753638"
"0.0575324520468712","2499.78653357547","115.095001220703","0.00439394965738527"
"0.0575851322716381","2501.58105340056","115.194999694824","0.00440434625603288"
"0.0576441924227035","2504.51696159985","115.294998168945","0.00441927829707833"
"0.0576904881378914","2505.12333103426","115.394996643066","0.00443520576933282"
"0.0577319897417947","2505.0976448562","115.495002746582","0.0044423929258895"
"0.0577814754201319","2506.41971463681","115.595001220703","0.00445677296810336"
"0.0578389451729031","2508.88910037117","115.694999694824","0.00447161792682146"
"0.0578916208143896","2510.32906312292","115.794998168945","0.00448110760886251"
"0.0579315274367182","2510.38746075853","115.894996643066","0.00449459563013108"
"0.0579762281703315","2511.11128408411","115.995002746582","0.00450670580273333"
"0.0580304987933927","2513.18044842856","116.095001220703","0.00452029752072064"
"0.0580879685461638","2515.59275376721","116.194999694824","0.0045356039584827"
"0.0581342596780714","2516.33809201118","116.294998168945","0.00454915127594127"
"0.0581773608468297","2516.57651243326","116.394996643066","0.00455984722008914"
"0.0582300410715966","2518.15390721468","116.495002746582","0.00457430030833416"
"0.0582906962042366","2521.35984959366","116.595001220703","0.00459037702365624"
"0.0583417814474289","2522.57192984254","116.694999694824","0.00460230386504302"
"0.0583880725793365","2523.15568665866","116.794998168945","0.00461805058417725"
"0.0584391532392483","2523.88741342365","116.894996643066","0.00463187604946429"
"0.0584998129551688","2526.69137809286","116.995002746582","0.00464656832765451"
"0.058549298633506","2527.4411071365","117.095001220703","0.00466091284944537"
"0.058589209839115","2527.24396023132","117.194999694824","0.00467364778045536"
"0.0586339059894479","2527.88896870283","117.294998168945","0.00468492551475734"
"0.0586865816309344","2529.55813119735","117.394996643066","0.00469959373072552"
"0.0587424518188506","2531.89842742141","117.495002746582","0.00471502506287812"
"0.0587871479691835","2532.19348915923","117.595001220703","0.00472810746383245"
"0.0588302491379418","2532.39107514438","117.694999694824","0.00474021992807489"
"0.0588813297978536","2533.79657011872","117.794998168945","0.00475373487611573"
"0.0589419895137741","2536.55991989098","117.894996643066","0.00476955492773614"
"0.0589898802105367","2537.81283457679","117.995002746582","0.00478340388233517"
"0.0590313863977203","2537.42139478622","118.095001220703","0.0047951442415012"
"0.0590776775296279","2538.20361574741","118.194999694824","0.00480802726975869"
"0.059133547717544","2540.75488989562","118.294998168945","0.00482399541862661"
"0.0591862279423109","2542.35819039509","118.394996643066","0.00483596350953687"
"0.0592277295462142","2542.69254978995","118.495002746582","0.00485052631005616"
"0.0592724256965471","2543.0205425253","118.595001220703","0.00486308277958608"
"0.0593267009028886","2544.75490839491","118.694999694824","0.00487538315832439"
"0.0593889556003837","2547.90838071785","118.794998168945","0.00489095542634889"
"0.0594400362602956","2548.66711090081","118.894996643066","0.00490569869353341"
"0.0594879269570582","2548.02803000885","118.995002746582","0.00491623049895242"
"0.0597848410270815","-6.5705083991008","119.075996398926","-0.00310211369536788"
